1;1;ARL SEGUROS BOLIVAR;SURA;PENSION HORIZONTE;CESANTIAS PORVENIR;COMFENALCO;admin;null;null;null
2;2;ARL SEGUROS BOLIVAR;SURA;PENSION PROTECCION;CESANTIAS PROTECCION;COMFENALCO;admin;null;null;null
3;3;ARL SEGUROS BOLIVAR;SURA;PENSION HORIZONTE;CESANTIAS PORVENIR;COMFENALCO;admin;null;null;null
4;4;ARL SEGUROS BOLIVAR;SALUD ISS;PENSION HORIZONTE;CESANTIAS PORVENIR;COMFENALCO;admin;null;null;null
5;5;ARL SEGUROS BOLIVAR;SALUD COMFENALCO;PENSION HORIZONTE;CESANTIAS PROTECCION;COMFENALCO;admin;null;null;null
6;6;ARL SEGUROS BOLIVAR;SALUD COMFENALCO;PENSION HORIZONTE;CESANTIAS SANTANDER;COMFENALCO;admin;null;null;null
7;7;ARL SEGUROS BOLIVAR;SALUD COOMEVA;PENSION HORIZONTE;CESANTIAS PORVENIR;COMFENALCO;admin;null;null;null
8;8;ARL SEGUROS BOLIVAR;SALUD ISS;PENSION ISS;CESANTIAS PORVENIR;COMFENALCO;admin;null;null;null
9;9;ARL SEGUROS BOLIVAR;SURA;PENSION PORVENIR;CESANTIAS PORVENIR;COMFENALCO;admin;null;null;null
10;10;ARL SEGUROS BOLIVAR;SURA;PENSION HORIZONTE;CESANTIAS PORVENIR;COMFENALCO;admin;null;null;null
11;11;ARL SEGUROS BOLIVAR;SURA;PENSION COLFONDOS;CESANTIAS SANTANDER;COMFENALCO;admin;null;null;null
12;12;ARL SEGUROS BOLIVAR;SURA;PENSION ISS;CESANTIAS SANTANDER;COMFENALCO;admin;null;null;null
13;13;ARL SEGUROS BOLIVAR;SALUD TOTAL;PENSION PORVENIR;CESANTIAS PORVENIR;COMFENALCO;admin;null;null;null
14;14;ARL SEGUROS BOLIVAR;SANITAS;PENSION HORIZONTE;CESANTIAS PROTECCION;COMFENALCO;admin;null;null;null
15;15;ARL SEGUROS BOLIVAR;COLMEDICA;PENSION COLPENSIONES;CESANTIAS PORVENIR;COMFENALCO;admin;null;null;null
16;16;ARL SEGUROS BOLIVAR;SALUD COMFENALCO;PENSION PORVENIR;CESANTIAS PORVENIR;COMFENALCO;admin;null;null;null
17;17;ARL SEGUROS BOLIVAR;PENSION ISS;PENSION ISS;CESANTIAS PORVENIR;COMFENALCO;admin;null;null;null
18;18;ARL SEGUROS BOLIVAR;SURA;PENSION ISS;CESANTIAS PORVENIR;COMFENALCO;admin;null;null;null
19;19;ARL SEGUROS BOLIVAR;SURA;PENSION PROTECCION;CESANTIAS PORVENIR;COMFENALCO;admin;null;null;null
20;20;ARL SEGUROS BOLIVAR;SALUD COOMEVA;PENSION PROTECCION;CESANTIAS PORVENIR;COMFENALCO;admin;null;null;null
21;21;ARL SEGUROS BOLIVAR;SURA;PENSION PROTECCION;CESANTIAS PORVENIR;COMFENALCO;admin;null;null;null
22;22;ARL SEGUROS BOLIVAR;SALUD TOTAL;PENSION ISS;CESANTIAS PORVENIR;COMFENALCO;admin;null;null;null
23;23;ARL SEGUROS BOLIVAR;SURA;PENSION COLFONDOS;CESANTIAS PORVENIR;COMFENALCO;admin;null;null;null
24;24;ARL SEGUROS BOLIVAR;SURA;PENSION ING;CESANTIAS PORVENIR;COMFENALCO;admin;null;null;null
25;25;ARL SEGUROS BOLIVAR;SURA;PENSION COLPENSIONES;CESANTIAS PORVENIR;COMFENALCO;admin;null;null;null
26;26;ARL SEGUROS BOLIVAR;SURA;PENSION PORVENIR;CESANTIAS PORVENIR;COMFENALCO;admin;null;null;null
27;27;ARL SEGUROS BOLIVAR;SALUD NUEVA EPS;PENSION ISS;CESANTIAS PORVENIR;COMFENALCO;admin;null;null;null
28;28;ARL SEGUROS BOLIVAR;SURA;PENSION HORIZONTE;CESANTIAS PORVENIR;COMFENALCO;admin;null;null;null
29;29;ARL SEGUROS BOLIVAR;SALUD COMFENALCO;PENSION PROTECCION;CESANTIAS PROTECCION;COMFENALCO;admin;null;null;null
30;30;ARL SEGUROS BOLIVAR;SALUD COMFENALCO;PENSION PROTECCION;CESANTIAS PORVENIR;COMFENALCO;admin;null;null;null
31;31;ARL SEGUROS BOLIVAR;SALUD COMFENALCO;PENSION ISS;CESANTIAS PORVENIR;COMFENALCO;admin;null;null;null
32;32;ARL SEGUROS BOLIVAR;CRUZ BLANCA;PENSION ISS;CESANTIAS PORVENIR;COMFENALCO;admin;null;null;null
33;33;ARL SEGUROS BOLIVAR;SALUD TOTAL;PENSION COLPENSIONES;CESANTIAS PORVENIR;COMFENALCO;admin;null;null;null
34;34;ARL SEGUROS BOLIVAR;SALUDCOOP;PENSION ISS;CESANTIAS PORVENIR;COMFENALCO;admin;null;null;null
35;35;ARL SEGUROS BOLIVAR;CRUZ BLANCA;PENSION PROTECCION;CESANTIAS PORVENIR;COMFENALCO;admin;null;null;null
36;36;ARL SEGUROS BOLIVAR;SURA;PENSION COLFONDOS;CESANTIAS PORVENIR;COMFENALCO;admin;null;null;null
37;37;ARL SEGUROS BOLIVAR;SURA;PENSION PROTECCION;CESANTIAS PORVENIR;COMFENALCO;admin;null;null;null
38;38;ARL SEGUROS BOLIVAR;SALUD COOMEVA;PENSION ISS;CESANTIAS PORVENIR;COMFENALCO;admin;null;null;null
39;39;ARL SEGUROS BOLIVAR;CRUZ BLANCA;PENSION PROTECCION;CESANTIAS PORVENIR;COMFENALCO;admin;null;null;null
40;40;ARL SEGUROS BOLIVAR;SURA;PENSION ISS;CESANTIAS PORVENIR;COMFENALCO;admin;null;null;null
41;41;ARL SEGUROS BOLIVAR;SURA;PENSION COLPENSIONES;CESANTIAS PORVENIR;COMFENALCO;admin;null;null;null
42;42;ARL SEGUROS BOLIVAR;SALUDCOOP;PENSION PORVENIR;CESANTIAS PORVENIR;COMFENALCO;admin;null;null;null
43;43;ARL SEGUROS BOLIVAR;SURA;PENSION HORIZONTE;CESANTIAS PORVENIR;COMFENALCO;admin;null;null;null
44;44;ARL SEGUROS BOLIVAR;SALUD TOTAL;PENSION PORVENIR;CESANTIAS PORVENIR;COMFENALCO;admin;null;null;null
45;45;ARL SEGUROS BOLIVAR;SURA;PENSION COLFONDOS;CESANTIAS PORVENIR;COMFENALCO;admin;null;null;null
46;46;ARL SEGUROS BOLIVAR;SURA;PENSION HORIZONTE;CESANTIAS PORVENIR;COMFENALCO;admin;null;null;null
47;47;ARL SEGUROS BOLIVAR;SALUD COMFENALCO;PENSION COLPENSIONES;CESANTIAS PORVENIR;COMFENALCO;admin;null;null;null
48;48;ARL SEGUROS BOLIVAR;SALUD NUEVA EPS;PENSION HORIZONTE;CESANTIAS PORVENIR;COMFENALCO;admin;null;null;null
49;49;ARL SEGUROS BOLIVAR;SURA;PENSION COLFONDOS;CESANTIAS PORVENIR;COMFENALCO;admin;null;null;null
50;50;ARL SEGUROS BOLIVAR;SALUD COMFENALCO;PENSION PROTECCION;CESANTIAS PORVENIR;COMFENALCO;admin;null;null;null
51;51;ARL SEGUROS BOLIVAR;SALUDCOOP;PENSION COLPENSIONES;CESANTIAS PORVENIR;COMFENALCO;admin;null;null;null
52;52;ARL SEGUROS BOLIVAR;SURA;PENSION COLPENSIONES;CESANTIAS PORVENIR;COMFENALCO;admin;null;null;null
53;53;ARL SEGUROS BOLIVAR;SALUD COMFENALCO;PENSION HORIZONTE;CESANTIAS PORVENIR;COMFENALCO;admin;null;null;null
54;54;ARL SEGUROS BOLIVAR;SURA;PENSION COLPENSIONES;CESANTIAS PORVENIR;COMFENALCO;admin;null;null;null
55;55;ARL SEGUROS BOLIVAR;SALUD COMFENALCO;PENSION COLPENSIONES;CESANTIAS PORVENIR;COMFENALCO;admin;null;null;null
56;56;ARL SEGUROS BOLIVAR;SALUD TOTAL;PENSION PROTECCION;CESANTIAS PORVENIR;COMFENALCO;admin;null;null;null
57;57;ARL SEGUROS BOLIVAR;SURA;PENSION COLPENSIONES;CESANTIAS PORVENIR;COMFENALCO;admin;null;null;null
58;58;ARL SEGUROS BOLIVAR;SURA;PENSION COLPENSIONES;CESANTIAS PORVENIR;COMFENALCO;admin;null;null;null
59;59;ARL SEGUROS BOLIVAR;SALUD NUEVA EPS;PENSION PORVENIR;CESANTIAS PORVENIR;COMFENALCO;admin;null;null;null
60;60;ARL SEGUROS BOLIVAR;SANITAS;PENSION PORVENIR;CESANTIAS PORVENIR;COMFENALCO;admin;null;null;null
61;61;ARL SEGUROS BOLIVAR;SURA;PENSION COLPENSIONES;CESANTIAS PORVENIR;COMFENALCO;admin;null;null;null
62;62;ARL SEGUROS BOLIVAR;CRUZ BLANCA;PENSION COLPENSIONES;CESANTIAS PORVENIR;COMFENALCO;admin;null;null;null
63;63;ARL SEGUROS BOLIVAR;SURA;PENSION COLPENSIONES;CESANTIAS PORVENIR;COMFENALCO;admin;null;null;null
64;64;ARL SEGUROS BOLIVAR;SALUD COMFENALCO;PENSION COLFONDOS;CESANTIAS PORVENIR;COMFENALCO;admin;null;null;null
65;65;ARL SEGUROS BOLIVAR;SURA;PENSION PORVENIR;CESANTIAS PORVENIR;COMFENALCO;admin;null;null;null
66;66;ARL SEGUROS BOLIVAR;SURA;PENSION PROTECCION;CESANTIAS PORVENIR;COMFENALCO;admin;null;null;null
67;67;ARL SEGUROS BOLIVAR;SURA;PENSION PROTECCION;CESANTIAS PORVENIR;COMFENALCO;admin;null;null;null
68;68;ARL SEGUROS BOLIVAR;SALUD TOTAL;PENSION PORVENIR;CESANTIAS PORVENIR;COMFENALCO;admin;null;null;null
69;69;ARL SEGUROS BOLIVAR;SURA;PENSION PORVENIR;CESANTIAS PORVENIR;COMFENALCO;admin;null;null;null
70;70;ARL SEGUROS BOLIVAR;SURA;PENSION COLPENSIONES;CESANTIAS PORVENIR;COMFENALCO;admin;null;null;null
71;71;ARL SEGUROS BOLIVAR;SURA;PENSION COLPENSIONES;CESANTIAS PORVENIR;COMFENALCO;admin;null;null;null
72;72;ARL SEGUROS BOLIVAR;SURA;PENSION PROTECCION;CESANTIAS PORVENIR;COMFENALCO;admin;null;null;null
73;73;ARL SEGUROS BOLIVAR;SALUD TOTAL;PENSION PORVENIR;CESANTIAS PORVENIR;COMFENALCO;admin;null;null;null
74;74;ARL SEGUROS BOLIVAR;SURA;PENSION PORVENIR;CESANTIAS PORVENIR;COMFENALCO;admin;null;null;null
75;75;ARL SEGUROS BOLIVAR;CRUZ BLANCA;PENSION PROTECCION;CESANTIAS PORVENIR;COMFENALCO;admin;null;null;null
76;76;ARL SEGUROS BOLIVAR;SURA;PENSION PORVENIR;CESANTIAS PORVENIR;COMFENALCO;admin;null;null;null
77;77;ARL SEGUROS BOLIVAR;SURA;PENSION PORVENIR;CESANTIAS PORVENIR;COMFENALCO;admin;null;null;null
78;78;ARL SEGUROS BOLIVAR;SALUD NUEVA EPS;PENSION COLPENSIONES;CESANTIAS PORVENIR;COMFENALCO;admin;null;null;null
79;79;ARL SEGUROS BOLIVAR;SALUD TOTAL;PENSION COLPENSIONES;CESANTIAS PORVENIR;COMFENALCO;admin;null;null;null
80;80;ARL SEGUROS BOLIVAR;CRUZ BLANCA;PENSION COLPENSIONES;CESANTIAS PORVENIR;COMFENALCO;admin;null;null;null
81;81;ARL SEGUROS BOLIVAR;SALUDCOOP;PENSION PROTECCION;CESANTIAS PORVENIR;COMFENALCO;admin;null;null;null
82;82;ARL SEGUROS BOLIVAR;SURA;PENSION PORVENIR;CESANTIAS PORVENIR;COMFENALCO;admin;null;null;null
83;83;ARL SEGUROS BOLIVAR;SALUDCOOP;PENSION COLPENSIONES;CESANTIAS PORVENIR;COMFENALCO;admin;null;null;null
84;84;ARL SEGUROS BOLIVAR;SURA;PENSION COLPENSIONES;CESANTIAS PORVENIR;COMFENALCO;admin;null;null;null
85;85;ARL SEGUROS BOLIVAR;SALUD NUEVA EPS;PENSION COLPENSIONES;CESANTIAS PORVENIR;COMFENALCO;admin;null;null;null
86;86;ARL SEGUROS BOLIVAR;SURA;PENSION COLPENSIONES;CESANTIAS PORVENIR;COMFENALCO;admin;null;null;null
87;87;ARL SEGUROS BOLIVAR;SURA;PENSION COLPENSIONES;CESANTIAS PORVENIR;COMFENALCO;admin;null;null;null
88;88;ARL SEGUROS BOLIVAR;SURA;PENSION PORVENIR;CESANTIAS PORVENIR;COMFENALCO;admin;null;null;null
89;89;ARL SEGUROS BOLIVAR;SURA;PENSION COLPENSIONES;CESANTIAS PORVENIR;COMFENALCO;admin;null;null;null
90;90;ARL SEGUROS BOLIVAR;SURA;PENSION PROTECCION;CESANTIAS PORVENIR;COMFENALCO;admin;null;null;null
91;91;ARL SEGUROS BOLIVAR;SALUD NUEVA EPS;PENSION PORVENIR;CESANTIAS PORVENIR;COMFENALCO;admin;null;null;null
92;92;ARL SEGUROS BOLIVAR;SALUD TOTAL;PENSION COLFONDOS;CESANTIAS PORVENIR;COMFENALCO;admin;null;null;null
93;93;ARL SEGUROS BOLIVAR;SALUD TOTAL;PENSION PORVENIR;CESANTIAS PORVENIR;COMFENALCO;admin;null;null;null
94;94;ARL SEGUROS BOLIVAR;SALUDCOOP;PENSION COLPENSIONES;CESANTIAS PORVENIR;COMFENALCO;admin;null;null;null
95;95;ARL SEGUROS BOLIVAR;SURA;PENSION PORVENIR;CESANTIAS PORVENIR;COMFENALCO;admin;null;null;null
96;96;ARL SEGUROS BOLIVAR;SURA;PENSION COLFONDOS;CESANTIAS PORVENIR;COMFENALCO;admin;null;null;null
97;97;ARL SEGUROS BOLIVAR;SALUDCOOP;PENSION COLFONDOS;CESANTIAS PORVENIR;COMFENALCO;admin;null;null;null
98;98;ARL SEGUROS BOLIVAR;SALUD TOTAL;PENSION PORVENIR;CESANTIAS PORVENIR;COMFENALCO;admin;null;null;null
99;99;ARL SEGUROS BOLIVAR;SURA;PENSION PORVENIR;CESANTIAS PORVENIR;COMFENALCO;admin;null;null;null
100;100;ARL SEGUROS BOLIVAR;SURA;PENSION PROTECCION;CESANTIAS PORVENIR;COMFENALCO;admin;null;null;null
101;101;ARL SEGUROS BOLIVAR;SALUDCOOP;PENSION PORVENIR;CESANTIAS PORVENIR;COMFENALCO;admin;null;null;null
102;102;ARL SEGUROS BOLIVAR;SALUD TOTAL;PENSION COLPENSIONES;CESANTIAS PORVENIR;COMFENALCO;admin;null;null;null
103;103;ARL SEGUROS BOLIVAR;SURA;PENSION COLPENSIONES;CESANTIAS PORVENIR;COMFENALCO;admin;null;null;null
104;104;ARL SEGUROS BOLIVAR;SALUD NUEVA EPS;PENSION COLPENSIONES;CESANTIAS PORVENIR;COMFENALCO;admin;null;null;null
105;105;ARL SEGUROS BOLIVAR;SURA;PENSION COLFONDOS;CESANTIAS PORVENIR;COMFENALCO;admin;null;null;null
106;106;ARL SEGUROS BOLIVAR;SURA;PENSION PORVENIR;CESANTIAS PORVENIR;COMFENALCO;admin;null;null;null
107;107;ARL SEGUROS BOLIVAR;SURA;PENSION PORVENIR;CESANTIAS PORVENIR;COMFENALCO;admin;null;null;null
108;108;ARL SEGUROS BOLIVAR;SURA;PENSION COLPENSIONES;CESANTIAS PORVENIR;COMFENALCO;admin;null;null;null
109;109;ARL SEGUROS BOLIVAR;SURA;PENSION COLPENSIONES;CESANTIAS PORVENIR;COMFENALCO;admin;null;null;null
110;110;ARL SEGUROS BOLIVAR;SALUD NUEVA EPS;PENSION PROTECCION;CESANTIAS PORVENIR;COMFENALCO;admin;null;null;null
111;111;ARL SEGUROS BOLIVAR;SALUD TOTAL;PENSION COLPENSIONES;CESANTIAS PORVENIR;COMFENALCO;admin;null;null;null
112;112;ARL SEGUROS BOLIVAR;MEDIMAS;PENSION COLPENSIONES;CESANTIAS PORVENIR;COMFENALCO;admin;null;null;null
113;113;ARL SEGUROS BOLIVAR;SURA;PENSION COLPENSIONES;CESANTIAS PORVENIR;COMFENALCO;admin;null;null;null
114;114;ARL SEGUROS BOLIVAR;SALUD TOTAL;PENSION PORVENIR;CESANTIAS PORVENIR;COMFENALCO;admin;null;null;null
115;115;ARL SEGUROS BOLIVAR;MEDIMAS;PENSION COLPENSIONES;CESANTIAS PORVENIR;COMFENALCO;admin;null;null;null
116;116;ARL SEGUROS BOLIVAR;SALUD COOMEVA;PENSION PROTECCION;CESANTIAS PORVENIR;COMFENALCO;admin;null;null;null
117;117;ARL SEGUROS BOLIVAR;SALUD NUEVA EPS;PENSION COLPENSIONES;CESANTIAS PORVENIR;COMFENALCO;admin;null;null;null
118;118;ARL SEGUROS BOLIVAR;SURA;PENSION PORVENIR;CESANTIAS PORVENIR;COMFENALCO;admin;null;null;null
119;119;ARL SEGUROS BOLIVAR;SURA;PENSION COLPENSIONES;CESANTIAS PORVENIR;COMFENALCO;admin;null;null;null
120;120;ARL SEGUROS BOLIVAR;SURA;PENSION PROTECCION;CESANTIAS PORVENIR;COMFENALCO;admin;null;null;null
121;121;ARL SEGUROS BOLIVAR;SALUD NUEVA EPS;PENSION PORVENIR;CESANTIAS PORVENIR;COMFENALCO;admin;null;null;null
122;122;ARL SEGUROS BOLIVAR;SALUD TOTAL;PENSION PROTECCION;CESANTIAS PORVENIR;COMFENALCO;admin;null;null;null
123;123;ARL SEGUROS BOLIVAR;SALUD TOTAL;PENSION COLPENSIONES;CESANTIAS PORVENIR;COMFENALCO;admin;null;null;null
124;124;ARL SEGUROS BOLIVAR;CRUZ BLANCA;PENSION COLFONDOS;CESANTIAS PORVENIR;COMFENALCO;admin;null;null;null
125;125;ARL SEGUROS BOLIVAR;SURA;PENSION COLPENSIONES;CESANTIAS PORVENIR;COMFENALCO;admin;null;null;null
126;126;ARL SEGUROS BOLIVAR;SURA;PENSION COLPENSIONES;CESANTIAS PORVENIR;COMFENALCO;admin;null;null;null
127;127;ARL SEGUROS BOLIVAR;SURA;PENSION PORVENIR;CESANTIAS PORVENIR;COMFENALCO;admin;null;null;null
128;128;ARL SEGUROS BOLIVAR;SURA;PENSION PORVENIR;CESANTIAS PORVENIR;COMFENALCO;admin;null;null;null
129;129;ARL SEGUROS BOLIVAR;SURA;PENSION COLPENSIONES;CESANTIAS PORVENIR;COMFENALCO;admin;null;null;null
130;130;ARL SEGUROS BOLIVAR;SURA;PENSION COLPENSIONES;CESANTIAS PORVENIR;COMFENALCO;admin;null;null;null
131;131;ARL SEGUROS BOLIVAR;SALUD TOTAL;PENSION COLPENSIONES;CESANTIAS PORVENIR;COMFENALCO;admin;null;null;null
132;132;ARL SEGUROS BOLIVAR;SURA;PENSION PORVENIR;CESANTIAS PORVENIR;COMFENALCO;admin;null;null;null
133;133;ARL SEGUROS BOLIVAR;SURA;PENSION COLPENSIONES;CESANTIAS PORVENIR;COMFENALCO;admin;null;null;null
134;134;ARL SEGUROS BOLIVAR;SURA;PENSION PROTECCION;CESANTIAS PORVENIR;COMFENALCO;admin;null;null;null
135;135;ARL SEGUROS BOLIVAR;SURA;PENSION COLPENSIONES;CESANTIAS PORVENIR;COMFENALCO;admin;null;null;null
136;136;ARL SEGUROS BOLIVAR;SALUD TOTAL;PENSION COLPENSIONES;CESANTIAS PORVENIR;COMFENALCO;admin;null;null;null
137;137;ARL SEGUROS BOLIVAR;MEDIMAS;PENSION PORVENIR;CESANTIAS PORVENIR;COMFENALCO;admin;null;null;null
138;138;ARL SEGUROS BOLIVAR;SURA;PENSION PORVENIR;CESANTIAS PORVENIR;COMFENALCO;admin;null;null;null
139;139;ARL SEGUROS BOLIVAR;SURA;PENSION PROTECCION;CESANTIAS PORVENIR;COMFENALCO;admin;null;null;null
140;140;ARL SEGUROS BOLIVAR;SALUD NUEVA EPS;PENSION PORVENIR;CESANTIAS PORVENIR;COMFENALCO;admin;null;null;null
141;141;ARL SEGUROS BOLIVAR;SALUD NUEVA EPS;PENSION PROTECCION;CESANTIAS PORVENIR;COMFENALCO;admin;null;null;null
142;142;ARL SEGUROS BOLIVAR;MEDIMAS;PENSION PORVENIR;CESANTIAS PORVENIR;COMFENALCO;admin;null;null;null
143;143;ARL SEGUROS BOLIVAR;MEDIMAS;PENSION PROTECCION;CESANTIAS PORVENIR;COMFENALCO;admin;null;null;null
144;144;ARL SEGUROS BOLIVAR;SALUD NUEVA EPS;PENSION PROTECCION;CESANTIAS PORVENIR;COMFENALCO;admin;null;null;null
145;145;ARL SEGUROS BOLIVAR;COOSALUD;PENSION PROTECCION;CESANTIAS PORVENIR;COMFENALCO;admin;null;null;null
146;146;ARL SEGUROS BOLIVAR;SALUD NUEVA EPS;PENSION COLFONDOS;CESANTIAS PORVENIR;COMFENALCO;admin;null;null;null
147;147;ARL SEGUROS BOLIVAR;SURA;PENSION PORVENIR;CESANTIAS PORVENIR;COMFENALCO;admin;null;null;null
148;148;ARL SEGUROS BOLIVAR;SALUD NUEVA EPS;PENSION COLPENSIONES;CESANTIAS PORVENIR;COMFENALCO;admin;null;null;null
149;149;ARL SEGUROS BOLIVAR;SURA;PENSION COLPENSIONES;CESANTIAS PORVENIR;COMFENALCO;admin;null;null;null
150;150;ARL SEGUROS BOLIVAR;SURA;PENSION PROTECCION;CESANTIAS PORVENIR;COMFENALCO;admin;null;null;null
151;151;ARL SEGUROS BOLIVAR;SURA;PENSION COLPENSIONES;CESANTIAS PORVENIR;COMFENALCO;admin;null;null;null
152;152;ARL SEGUROS BOLIVAR;MEDIMAS;PENSION PORVENIR;CESANTIAS PORVENIR;COMFENALCO;admin;null;null;null
153;153;ARL SEGUROS BOLIVAR;SAVIA SALUD;PENSION PORVENIR;CESANTIAS PORVENIR;COMFENALCO;admin;null;null;null
154;154;ARL SEGUROS BOLIVAR;SALUD TOTAL;PENSION PROTECCION;CESANTIAS PORVENIR;COMFENALCO;admin;null;null;null
155;155;ARL SEGUROS BOLIVAR;SURA;PENSION COLPENSIONES;CESANTIAS PORVENIR;COMFENALCO;admin;null;null;null
156;156;ARL SEGUROS BOLIVAR;SALUD NUEVA EPS;PENSION PROTECCION;CESANTIAS PORVENIR;COMFENALCO;admin;null;null;null
157;157;ARL SEGUROS BOLIVAR;SURA;PENSION PROTECCION;CESANTIAS PORVENIR;COMFENALCO;admin;null;null;null
158;158;ARL SEGUROS BOLIVAR;SURA;PENSION PROTECCION;CESANTIAS PORVENIR;COMFENALCO;admin;null;null;null
159;159;ARL SEGUROS BOLIVAR;SURA;PENSION PORVENIR;CESANTIAS HORIZONTE;COMFENALCO;admin;null;null;null
160;160;ARL SEGUROS BOLIVAR;SALUD NUEVA EPS;PENSION PORVENIR;CESANTIAS PORVENIR;COMFENALCO;admin;null;null;null
161;161;ARL SEGUROS BOLIVAR;SURA;PENSION PORVENIR;CESANTIAS PORVENIR;COMFENALCO;admin;null;null;null
162;162;ARL SEGUROS BOLIVAR;SALUD NUEVA EPS;PENSION COLPENSIONES;CESANTIAS PORVENIR;COMFENALCO;admin;null;null;null
163;163;ARL SEGUROS BOLIVAR;SURA;PENSION COLPENSIONES;CESANTIAS PORVENIR;COMFENALCO;admin;null;null;null
164;164;ARL SEGUROS BOLIVAR;SURA;PENSION COLPENSIONES;CESANTIAS PORVENIR;COMFENALCO;admin;null;null;null
165;165;ARL SEGUROS BOLIVAR;SURA;PENSION COLPENSIONES;CESANTIAS PORVENIR;COMFENALCO;admin;null;null;null
166;166;ARL SEGUROS BOLIVAR;SURA;PENSION PROTECCION;CESANTIAS PORVENIR;COMFENALCO;admin;null;null;null
167;167;ARL SEGUROS BOLIVAR;SURA;PENSION COLPENSIONES;CESANTIAS PORVENIR;COMFENALCO;admin;null;null;null
168;168;ARL SEGUROS BOLIVAR;SALUD TOTAL;PENSION COLPENSIONES;CESANTIAS PORVENIR;COMFENALCO;admin;null;null;null
169;169;ARL SEGUROS BOLIVAR;MEDIMAS;PENSION PORVENIR;CESANTIAS PORVENIR;COMFENALCO;admin;null;null;null
170;170;ARL SEGUROS BOLIVAR;SURA;PENSION PORVENIR;CESANTIAS PORVENIR;COMFENALCO;admin;null;null;null
171;171;ARL SEGUROS BOLIVAR;SURA;PENSION COLPENSIONES;CESANTIAS PORVENIR;COMFENALCO;admin;null;null;null
172;172;ARL SEGUROS BOLIVAR;SURA;PENSION PORVENIR;CESANTIAS PORVENIR;COMFENALCO;admin;null;null;null
173;173;ARL SEGUROS BOLIVAR;SURA;PENSION PROTECCION;CESANTIAS PORVENIR;COMFENALCO;admin;null;null;null
174;174;ARL SEGUROS BOLIVAR;SALUD TOTAL;PENSION PORVENIR;CESANTIAS PORVENIR;COMFENALCO;admin;null;null;null
175;175;ARL SEGUROS BOLIVAR;SURA;PENSION COLPENSIONES;CESANTIAS PORVENIR;COMFENALCO;admin;null;null;null
176;176;ARL SEGUROS BOLIVAR;SALUD TOTAL;PENSION PORVENIR;CESANTIAS PORVENIR;COMFENALCO;admin;null;null;null
177;177;ARL SEGUROS BOLIVAR;SALUD TOTAL;PENSION PROTECCION;CESANTIAS PORVENIR;COMFENALCO;admin;null;null;null
178;178;ARL SEGUROS BOLIVAR;SANITAS;PENSION COLFONDOS;CESANTIAS PORVENIR;COMFENALCO;admin;null;null;null
179;179;ARL SEGUROS BOLIVAR;SURA;PENSION PROTECCION;CESANTIAS PORVENIR;COMFENALCO;admin;null;null;null
180;180;ARL SEGUROS BOLIVAR;SALUD NUEVA EPS;PENSION PORVENIR;CESANTIAS PORVENIR;COMFENALCO;admin;null;null;null
181;181;ARL SEGUROS BOLIVAR;SALUD TOTAL;PENSION COLPENSIONES;CESANTIAS PORVENIR;COMFENALCO;admin;null;null;null
182;182;ARL SEGUROS BOLIVAR;SALUD TOTAL;PENSION COLFONDOS;CESANTIAS PORVENIR;COMFENALCO;admin;null;null;null
183;183;ARL SEGUROS BOLIVAR;SURA;PENSION PORVENIR;CESANTIAS PORVENIR;COMFENALCO;admin;null;null;null
184;184;ARL SEGUROS BOLIVAR;SALUD COOMEVA;PENSION COLPENSIONES;CESANTIAS PORVENIR;COMFENALCO;admin;null;null;null
185;185;ARL SEGUROS BOLIVAR;SANITAS;PENSION PORVENIR;CESANTIAS PORVENIR;COMFENALCO;admin;null;null;null
186;186;ARL SEGUROS BOLIVAR;SURA;PENSION PROTECCION;CESANTIAS PORVENIR;COMFENALCO;admin;null;null;null
187;187;ARL SEGUROS BOLIVAR;SURA;PENSION PORVENIR;CESANTIAS PORVENIR;COMFENALCO;admin;null;null;null
188;188;ARL SEGUROS BOLIVAR;SURA;PENSION COLPENSIONES;CESANTIAS PORVENIR;COMFENALCO;admin;null;null;null
189;189;ARL SEGUROS BOLIVAR;SALUD NUEVA EPS;PENSION PORVENIR;CESANTIAS PORVENIR;COMFENALCO;admin;null;null;null
190;190;ARL SEGUROS BOLIVAR;SURA;PENSION PROTECCION;CESANTIAS PORVENIR;COMFENALCO;admin;null;null;null
191;191;ARL SEGUROS BOLIVAR;SURA;PENSION PORVENIR;CESANTIAS PORVENIR;COMFENALCO;admin;null;null;null
192;192;ARL SEGUROS BOLIVAR;SALUD NUEVA EPS;PENSION PROTECCION;CESANTIAS PORVENIR;COMFENALCO;admin;null;null;null
193;193;ARL SEGUROS BOLIVAR;SALUD TOTAL;PENSION COLPENSIONES;CESANTIAS PORVENIR;COMFENALCO;admin;null;null;null
194;194;ARL SEGUROS BOLIVAR;SANITAS;PENSION PROTECCION;CESANTIAS PORVENIR;COMFENALCO;admin;null;null;null
195;195;ARL SEGUROS BOLIVAR;SURA;PENSION COLPENSIONES;CESANTIAS PORVENIR;COMFENALCO;admin;null;null;null
196;196;ARL SEGUROS BOLIVAR;SURA;PENSION COLPENSIONES;CESANTIAS PORVENIR;COMFENALCO;admin;null;null;null
197;197;ARL SEGUROS BOLIVAR;SALUD NUEVA EPS;PENSION PORVENIR;CESANTIAS PORVENIR;COMFENALCO;admin;null;null;null
198;198;ARL SEGUROS BOLIVAR;COOSALUD;PENSION COLPENSIONES;CESANTIAS PORVENIR;COMFENALCO;admin;null;null;null
199;199;ARL SEGUROS BOLIVAR;SALUD TOTAL;PENSION PORVENIR;CESANTIAS PORVENIR;COMFENALCO;admin;null;null;null
200;200;ARL SEGUROS BOLIVAR;SURA;PENSION COLFONDOS;CESANTIAS PORVENIR;COMFENALCO;admin;null;null;null
201;201;ARL SEGUROS BOLIVAR;SURA;PENSION PORVENIR;CESANTIAS PORVENIR;COMFENALCO;admin;null;null;null
202;202;ARL SEGUROS BOLIVAR;SURA;PENSION COLFONDOS;CESANTIAS PORVENIR;COMFENALCO;admin;null;null;null
203;203;ARL SEGUROS BOLIVAR;SURA;PENSION COLPENSIONES;CESANTIAS PORVENIR;COMFENALCO;admin;null;null;null
204;204;ARL SEGUROS BOLIVAR;SURA;PENSION COLPENSIONES;CESANTIAS HORIZONTE;COMFENALCO;admin;null;null;null
205;205;ARL SEGUROS BOLIVAR;SALUD TOTAL;PENSION PROTECCION;CESANTIAS PORVENIR;COMFENALCO;admin;null;null;null
206;206;ARL SEGUROS BOLIVAR;SALUD TOTAL;PENSION PROTECCION;CESANTIAS PORVENIR;COMFENALCO;admin;null;null;null
207;207;ARL SEGUROS BOLIVAR;SURA;PENSION COLPENSIONES;CESANTIAS PORVENIR;COMFENALCO;admin;null;null;null
208;208;ARL SEGUROS BOLIVAR;SAVIA SALUD;PENSION PROTECCION;CESANTIAS PORVENIR;COMFENALCO;admin;null;null;null
209;209;ARL SEGUROS BOLIVAR;SURA;PENSION PROTECCION;CESANTIAS PORVENIR;COMFENALCO;admin;null;null;null
210;210;ARL SEGUROS BOLIVAR;SALUD TOTAL;PENSION PORVENIR;CESANTIAS PORVENIR;COMFENALCO;admin;null;null;null
211;211;ARL SEGUROS BOLIVAR;SALUD NUEVA EPS;PENSION PORVENIR;CESANTIAS PORVENIR;COMFENALCO;admin;null;null;null
212;212;ARL SEGUROS BOLIVAR;SALUD NUEVA EPS;PENSION PROTECCION;CESANTIAS PORVENIR;COMFENALCO;admin;null;null;null
213;213;ARL SEGUROS BOLIVAR;SURA;PENSION PORVENIR;CESANTIAS PORVENIR;COMFENALCO;admin;null;null;null
214;214;ARL SEGUROS BOLIVAR;SURA;PENSION PORVENIR;CESANTIAS PORVENIR;COMFENALCO;admin;null;null;null
215;215;ARL SEGUROS BOLIVAR;SURA;PENSION PROTECCION;CESANTIAS PORVENIR;COMFENALCO;admin;null;null;null
216;216;ARL SEGUROS BOLIVAR;CRUZ BLANCA;PENSION PORVENIR;CESANTIAS PORVENIR;COMFENALCO;admin;null;null;null
217;217;ARL SEGUROS BOLIVAR;SAVIA SALUD;PENSION PROTECCION;CESANTIAS PORVENIR;COMFENALCO;admin;null;null;null
218;218;ARL SEGUROS BOLIVAR;SALUD TOTAL;PENSION COLPENSIONES;CESANTIAS PORVENIR;COMFENALCO;admin;null;null;null
219;219;ARL SEGUROS BOLIVAR;SALUD NUEVA EPS;PENSION COLPENSIONES;CESANTIAS PORVENIR;COMFENALCO;admin;null;null;null
220;220;ARL SEGUROS BOLIVAR;SALUD NUEVA EPS;PENSION COLPENSIONES;CESANTIAS PORVENIR;COMFENALCO;admin;null;null;null
221;221;ARL SEGUROS BOLIVAR;SAVIA SALUD;PENSION COLPENSIONES;CESANTIAS PORVENIR;COMFENALCO;admin;null;null;null
222;222;ARL SEGUROS BOLIVAR;SURA;PENSION PROTECCION;CESANTIAS PORVENIR;COMFENALCO;admin;null;null;null
223;223;ARL SEGUROS BOLIVAR;SAVIA SALUD;PENSION COLPENSIONES;CESANTIAS PORVENIR;COMFENALCO;admin;null;null;null
224;224;ARL SEGUROS BOLIVAR;SURA;PENSION COLPENSIONES;CESANTIAS PORVENIR;CAMACOL;admin;null;null;null
225;225;ARL SEGUROS BOLIVAR;SURA;PENSION PORVENIR;CESANTIAS PORVENIR;COMFENALCO;admin;null;null;null
226;226;ARL SEGUROS BOLIVAR;SALUD NUEVA EPS;PENSION PROTECCION;CESANTIAS PORVENIR;COMFENALCO;admin;null;null;null
227;227;ARL SEGUROS BOLIVAR;SALUD TOTAL;PENSION COLPENSIONES;CESANTIAS PORVENIR;COMFENALCO;admin;null;null;null
228;228;ARL SEGUROS BOLIVAR;SURA;PENSION COLPENSIONES;CESANTIAS PORVENIR;COMFENALCO;admin;null;null;null
229;229;ARP LIBERTY;SURA;PENSION PORVENIR;CESANTIAS PORVENIR;COMFENALCO;admin;null;null;null
230;230;ARP LIBERTY;SALUD NUEVA EPS;PENSION PORVENIR;CESANTIAS PORVENIR;COMFENALCO;admin;null;null;null
231;231;ARL SEGUROS BOLIVAR;SURA;PENSION PORVENIR;CESANTIAS PORVENIR;COMFENALCO;admin;null;null;null
232;232;ARL SEGUROS BOLIVAR;SURA;PENSION COLPENSIONES;CESANTIAS PORVENIR;COMFENALCO;admin;null;null;null
233;233;ARL SEGUROS BOLIVAR;SAVIA SALUD;PENSION PORVENIR;CESANTIAS PORVENIR;COMFENALCO;admin;null;null;null
234;234;ARL SEGUROS BOLIVAR;SALUD COOMEVA;PENSION COLPENSIONES;CESANTIAS PORVENIR;COMFENALCO;admin;null;null;null
235;235;ARL SEGUROS BOLIVAR;MEDIMAS;PENSION PORVENIR;CESANTIAS PORVENIR;COMFENALCO;admin;null;null;null
236;236;ARL SEGUROS BOLIVAR;SURA;PENSION PORVENIR;CESANTIAS PORVENIR;COMFENALCO;admin;null;null;null
237;237;ARL SEGUROS BOLIVAR;SURA;PENSION PROTECCION;CESANTIAS PORVENIR;COMFENALCO;admin;null;null;null
238;238;ARL SEGUROS BOLIVAR;SURA;PENSION PORVENIR;CESANTIAS PORVENIR;COMFENALCO;admin;null;null;null
239;239;ARP LIBERTY;SALUD TOTAL;PENSION PROTECCION;CESANTIAS PORVENIR;CAMACOL;admin;null;null;null
240;240;ARL SEGUROS BOLIVAR;SALUD TOTAL;PENSION PORVENIR;CESANTIAS PORVENIR;COMFENALCO;admin;null;null;null
241;241;ARL SEGUROS BOLIVAR;SURA;PENSION PORVENIR;CESANTIAS PORVENIR;COMFENALCO;admin;null;null;null
242;242;ARL SEGUROS BOLIVAR;SURA;PENSION PROTECCION;CESANTIAS PORVENIR;COMFENALCO;admin;null;null;null
243;243;ARL SEGUROS BOLIVAR;SURA;PENSION COLPENSIONES;CESANTIAS PORVENIR;COMFENALCO;admin;null;null;null
244;244;ARL SEGUROS BOLIVAR;SURA;PENSION PROTECCION;CESANTIAS PORVENIR;COMFENALCO;admin;null;null;null
245;245;ARL SEGUROS BOLIVAR;SURA;PENSION PROTECCION;CESANTIAS PORVENIR;COMFENALCO;admin;null;null;null
246;246;ARL SEGUROS BOLIVAR;SURA;PENSION COLFONDOS;CESANTIAS PORVENIR;COMFENALCO;admin;null;null;null
247;247;ARL SEGUROS BOLIVAR;SAVIA SALUD;PENSION PROTECCION;CESANTIAS PORVENIR;COMFENALCO;admin;null;null;null
248;248;ARL SEGUROS BOLIVAR;MEDIMAS;PENSION COLPENSIONES;CESANTIAS PORVENIR;COMFENALCO;admin;null;null;null
249;249;ARL SEGUROS BOLIVAR;SALUD NUEVA EPS;PENSION COLPENSIONES;PENSION PORVENIR;COMFENALCO;admin;null;null;null
250;250;ARL SEGUROS BOLIVAR;SURA;PENSION COLPENSIONES;CESANTIAS PORVENIR;COMFENALCO;admin;null;null;null
251;251;ARL SEGUROS BOLIVAR;SURA;PENSION COLPENSIONES;CESANTIAS PORVENIR;COMFENALCO;admin;null;null;null
252;252;ARL SEGUROS BOLIVAR;SURA;PENSION PROTECCION;CESANTIAS PORVENIR;COMFENALCO;admin;null;null;null
253;253;ARL SEGUROS BOLIVAR;SURA;PENSION COLPENSIONES;CESANTIAS PORVENIR;COMFENALCO;admin;null;null;null
254;254;ARL SEGUROS BOLIVAR;SURA;PENSION PROTECCION;CESANTIAS PORVENIR;COMFENALCO;admin;null;null;null
255;255;ARL SEGUROS BOLIVAR;SURA;PENSION COLFONDOS;CESANTIAS PORVENIR;COMFENALCO;admin;null;null;null
256;256;ARL SEGUROS BOLIVAR;SIN FONDO;PENSION COLPENSIONES;CESANTIAS PORVENIR;COMFENALCO;admin;null;null;null
257;257;ARL SEGUROS BOLIVAR;SALUD TOTAL;PENSION PORVENIR;CESANTIAS PORVENIR;COMFENALCO;admin;null;null;null
258;258;ARL SEGUROS BOLIVAR;SURA;PENSION COLPENSIONES;CESANTIAS PORVENIR;COMFENALCO;admin;null;null;null
259;259;ARL SEGUROS BOLIVAR;SURA;PENSION PORVENIR;CESANTIAS PORVENIR;COMFENALCO;admin;null;null;null
260;260;ARP LIBERTY;MEDIMAS;PENSION COLPENSIONES;CESANTIAS PORVENIR;COMFENALCO;admin;null;null;null
261;261;ARL SEGUROS BOLIVAR;SALUD NUEVA EPS;PENSION COLPENSIONES;CESANTIAS PORVENIR;COMFENALCO;admin;null;null;null
262;262;ARL SEGUROS BOLIVAR;SALUD TOTAL;PENSION PORVENIR;CESANTIAS PORVENIR;COMFENALCO;admin;null;null;null
263;263;ARL SEGUROS BOLIVAR;SALUD TOTAL;PENSION PROTECCION;CESANTIAS PORVENIR;COMFENALCO;admin;null;null;null
264;264;ARL SEGUROS BOLIVAR;SURA;PENSION COLPENSIONES;CESANTIAS PORVENIR;COMFENALCO;admin;null;null;null
265;265;ARP LIBERTY;SURA;PENSION PORVENIR;CESANTIAS PORVENIR;COMFENALCO;admin;null;null;null
266;266;ARL SEGUROS BOLIVAR;SALUD COOMEVA;PENSION COLPENSIONES;CESANTIAS PORVENIR;COMFENALCO;admin;null;null;null
267;267;ARL SEGUROS BOLIVAR;SAVIA SALUD;PENSION COLPENSIONES;CESANTIAS PORVENIR;COMFENALCO;admin;null;null;null
268;268;ARL SEGUROS BOLIVAR;SURA;PENSION COLPENSIONES;CESANTIAS PORVENIR;COMFENALCO;admin;null;null;null
269;269;ARL SEGUROS BOLIVAR;SURA;PENSION PORVENIR;CESANTIAS PORVENIR;COMFENALCO;admin;null;null;null
270;270;ARL SEGUROS BOLIVAR;SAVIA SALUD;PENSION COLFONDOS;CESANTIAS PORVENIR;COMFENALCO;admin;null;null;null
271;271;ARL SEGUROS BOLIVAR;SURA;PENSION COLFONDOS;CESANTIAS PORVENIR;COMFENALCO;admin;null;null;null
272;272;ARL SEGUROS BOLIVAR;SALUD TOTAL;PENSION PROTECCION;CESANTIAS PORVENIR;COMFENALCO;admin;null;null;null
273;273;ARL SEGUROS BOLIVAR;SURA;PENSION COLPENSIONES;CESANTIAS PORVENIR;COMFENALCO;admin;null;null;null
274;274;ARL SEGUROS BOLIVAR;SANITAS;PENSION PORVENIR;CESANTIAS PORVENIR;COMFENALCO;admin;null;null;null
275;275;ARL SEGUROS BOLIVAR;SURA;PENSION PORVENIR;CESANTIAS PORVENIR;COMFENALCO;admin;null;null;null
276;276;ARL SEGUROS BOLIVAR;SURA;PENSION COLPENSIONES;CESANTIAS PORVENIR;COMFENALCO;admin;null;null;null
277;277;ARL SEGUROS BOLIVAR;SALUD NUEVA EPS;PENSION COLPENSIONES;CESANTIAS PORVENIR;COMFENALCO;admin;null;null;null
278;278;ARL SEGUROS BOLIVAR;SURA;PENSION COLPENSIONES;CESANTIAS PORVENIR;COMFENALCO;admin;null;null;null
279;279;ARL SEGUROS BOLIVAR;SURA;PENSION PROTECCION;CESANTIAS PORVENIR;COMFENALCO;admin;null;null;null
280;280;ARL SEGUROS BOLIVAR;SURA;PENSION PORVENIR;CESANTIAS PORVENIR;COMFENALCO;admin;null;null;null
281;281;ARL SEGUROS BOLIVAR;SURA;PENSION COLPENSIONES;CESANTIAS PORVENIR;COMFENALCO;admin;null;null;null
282;282;ARL SEGUROS BOLIVAR;SURA;PENSION COLPENSIONES;CESANTIAS PORVENIR;COMFENALCO;admin;null;null;null
283;283;ARL SEGUROS BOLIVAR;SALUD NUEVA EPS;PENSION PROTECCION;CESANTIAS PORVENIR;COMFENALCO;admin;null;null;null
284;284;ARL SEGUROS BOLIVAR;SURA;PENSION PORVENIR;CESANTIAS PORVENIR;COMFENALCO;admin;null;null;null
285;285;ARL SEGUROS BOLIVAR;SURA;PENSION PROTECCION;CESANTIAS PORVENIR;COMFENALCO;admin;null;null;null
286;286;ARL SEGUROS BOLIVAR;SAVIA SALUD;PENSION PROTECCION;CESANTIAS PORVENIR;COMFENALCO;admin;null;null;null
287;287;ARL SEGUROS BOLIVAR;SALUD TOTAL;PENSION COLFONDOS;CESANTIAS PORVENIR;COMFENALCO;admin;null;null;null
288;288;ARL SEGUROS BOLIVAR;SURA;PENSION COLPENSIONES;CESANTIAS PORVENIR;COMFENALCO;admin;null;null;null
289;289;ARL SEGUROS BOLIVAR;SURA;PENSION COLPENSIONES;CESANTIAS PORVENIR;COMFENALCO;admin;null;null;null
290;290;ARL SEGUROS BOLIVAR;SURA;PENSION COLPENSIONES;CESANTIAS PORVENIR;COMFENALCO;admin;null;null;null
291;291;ARL SEGUROS BOLIVAR;COOSALUD;PENSION COLPENSIONES;CESANTIAS PORVENIR;COMFENALCO;admin;null;null;null
292;292;ARL SEGUROS BOLIVAR;SURA;PENSION PORVENIR;CESANTIAS PORVENIR;COMFENALCO;admin;null;null;null
293;293;ARL SEGUROS BOLIVAR;SALUD TOTAL;PENSION PORVENIR;CESANTIAS PORVENIR;COMFENALCO;admin;null;null;null
294;294;ARL SEGUROS BOLIVAR;SURA;PENSION PROTECCION;CESANTIAS PORVENIR;COMFENALCO;admin;null;null;null
295;295;ARL SEGUROS BOLIVAR;SALUD TOTAL;PENSION PORVENIR;CESANTIAS PORVENIR;COMFENALCO;admin;null;null;null
296;296;ARL SEGUROS BOLIVAR;SALUD TOTAL;PENSION PORVENIR;CESANTIAS PORVENIR;COMFENALCO;admin;null;null;null
297;297;ARL SEGUROS BOLIVAR;SALUD TOTAL;PENSION PROTECCION;CESANTIAS PORVENIR;COMFENALCO;admin;null;null;null
298;298;ARL SEGUROS BOLIVAR;SURA;PENSION COLPENSIONES;CESANTIAS PORVENIR;COMFENALCO;admin;null;null;null
299;299;ARL SEGUROS BOLIVAR;SAVIA SALUD;PENSION PORVENIR;CESANTIAS PORVENIR;COMFENALCO;admin;null;null;null
300;300;ARL SEGUROS BOLIVAR;SURA;CESANTIAS PROTECCION;CESANTIAS PROTECCION;COMFENALCO;admin;null;null;null
301;301;ARL SEGUROS BOLIVAR;SURA;PENSION PROTECCION;CESANTIAS PORVENIR;COMFENALCO;admin;null;null;null
302;302;ARL SEGUROS BOLIVAR;SALUD TOTAL;PENSION PORVENIR;PENSION PORVENIR;COMFENALCO;admin;null;null;null
303;303;ARL SEGUROS BOLIVAR;SURA;PENSION COLPENSIONES;CESANTIAS PORVENIR;COMFENALCO;admin;null;null;null
304;304;ARL SEGUROS BOLIVAR;SALUD NUEVA EPS;PENSION PORVENIR;CESANTIAS PORVENIR;COMFENALCO;admin;null;null;null
305;305;ARL SEGUROS BOLIVAR;SALUD NUEVA EPS;PENSION PROTECCION;CESANTIAS PORVENIR;COMFENALCO;admin;null;null;null
306;306;ARL SEGUROS BOLIVAR;SAVIA SALUD;PENSION COLPENSIONES;CESANTIAS PORVENIR;COMFENALCO;admin;null;null;null
307;307;ARL SEGUROS BOLIVAR;SALUD TOTAL;PENSION COLPENSIONES;CESANTIAS PORVENIR;COMFENALCO;admin;null;null;null
308;308;ARL SEGUROS BOLIVAR;SURA;PENSION COLPENSIONES;CESANTIAS PORVENIR;COMFENALCO;admin;null;null;null
309;309;ARL SEGUROS BOLIVAR;SURA;PENSION PORVENIR;CESANTIAS PORVENIR;COMFENALCO;admin;null;null;null
310;310;ARL SEGUROS BOLIVAR;SALUD TOTAL;PENSION PROTECCION;CESANTIAS PORVENIR;COMFENALCO;admin;null;null;null
311;311;ARL SEGUROS BOLIVAR;SURA;PENSION COLPENSIONES;CESANTIAS PORVENIR;COMFENALCO;admin;null;null;null
312;312;ARL SEGUROS BOLIVAR;SURA;PENSION COLPENSIONES;CESANTIAS PORVENIR;COMFENALCO;admin;null;null;null
313;313;ARL SEGUROS BOLIVAR;SURA;PENSION COLPENSIONES;CESANTIAS PORVENIR;COMFENALCO;admin;null;null;null
314;314;ARL SEGUROS BOLIVAR;SURA;PENSION COLPENSIONES;CESANTIAS PORVENIR;COMFENALCO;admin;null;null;null
315;315;ARL SEGUROS BOLIVAR;SURA;PENSION COLPENSIONES;CESANTIAS PORVENIR;COMFENALCO;admin;null;null;null
316;316;ARL SEGUROS BOLIVAR;SURA;PENSION PROTECCION;CESANTIAS PORVENIR;COMFENALCO;admin;null;null;null
317;317;ARL SEGUROS BOLIVAR;SURA;PENSION PORVENIR;CESANTIAS PORVENIR;COMFENALCO;admin;null;null;null
318;318;ARL SEGUROS BOLIVAR;SURA;PENSION PORVENIR;CESANTIAS PORVENIR;COMFENALCO;admin;null;null;null
319;319;ARL SEGUROS BOLIVAR;SALUD NUEVA EPS;PENSION COLPENSIONES;CESANTIAS PORVENIR;COMFENALCO;admin;null;null;null
320;320;ARL SEGUROS BOLIVAR;SALUD TOTAL;PENSION COLPENSIONES;CESANTIAS PORVENIR;COMFENALCO;admin;null;null;null
321;321;ARL SEGUROS BOLIVAR;SALUD TOTAL;PENSION PORVENIR;CESANTIAS PORVENIR;COMFENALCO;admin;null;null;null
322;322;ARL SEGUROS BOLIVAR;SURA;PENSION COLPENSIONES;CESANTIAS PORVENIR;COMFENALCO;admin;null;null;null
323;323;ARL SEGUROS BOLIVAR;SALUD NUEVA EPS;PENSION COLPENSIONES;CESANTIAS PORVENIR;COMFENALCO;admin;null;null;null
324;324;ARL SEGUROS BOLIVAR;SALUD NUEVA EPS;SIN FONDO;CESANTIAS PORVENIR;COMFENALCO;admin;null;null;null
325;325;ARL SEGUROS BOLIVAR;SALUD NUEVA EPS;PENSION PORVENIR;CESANTIAS PORVENIR;COMFENALCO;admin;null;null;null
326;326;ARP LIBERTY;SURA;PENSION PROTECCION;CESANTIAS PORVENIR;CAMACOL;admin;null;null;null
327;327;ARL SEGUROS BOLIVAR;SURA;PENSION PORVENIR;CESANTIAS PORVENIR;COMFENALCO;admin;null;null;null
328;328;ARL SEGUROS BOLIVAR;SALUD TOTAL;PENSION PORVENIR;CESANTIAS PORVENIR;COMFENALCO;admin;null;null;null
329;329;ARL SEGUROS BOLIVAR;SURA;PENSION COLFONDOS;CESANTIAS PORVENIR;COMFENALCO;admin;null;null;null
330;330;ARP LIBERTY;SANITAS;PENSION COLPENSIONES;CESANTIAS PORVENIR;COMFENALCO;admin;null;null;null
331;331;ARL SEGUROS BOLIVAR;COOSALUD;PENSION PORVENIR;CESANTIAS PORVENIR;COMFENALCO;admin;null;null;null
332;332;ARP LIBERTY;SURA;PENSION PORVENIR;CESANTIAS PORVENIR;COMFAMA;admin;null;null;null
333;333;ARL SEGUROS BOLIVAR;SURA;PENSION COLPENSIONES;CESANTIAS PORVENIR;COMFENALCO;admin;null;null;null
334;334;ARL SEGUROS BOLIVAR;SALUD TOTAL;PENSION COLPENSIONES;CESANTIAS PORVENIR;COMFENALCO;admin;null;null;null
335;335;ARL SEGUROS BOLIVAR;SURA;CESANTIAS PORVENIR;CESANTIAS PORVENIR;COMFENALCO;admin;null;null;null
336;336;ARL SEGUROS BOLIVAR;SALUD TOTAL;PENSION PORVENIR;CESANTIAS PORVENIR;COMFENALCO;admin;null;null;null
337;337;ARL SEGUROS BOLIVAR;SURA;PENSION COLPENSIONES;CESANTIAS PORVENIR;COMFENALCO;admin;null;null;null
338;338;ARL SEGUROS BOLIVAR;SURA;PENSION PROTECCION;CESANTIAS PORVENIR;COMFENALCO;admin;null;null;null
339;339;ARL SEGUROS BOLIVAR;SALUD NUEVA EPS;PENSION PORVENIR;CESANTIAS PORVENIR;COMFENALCO;admin;null;null;null
340;340;ARP LIBERTY;SURA;PENSION COLPENSIONES;CESANTIAS PORVENIR;COMFENALCO;admin;null;null;null
341;341;ARL SEGUROS BOLIVAR;SURA;PENSION COLPENSIONES;CESANTIAS PORVENIR;COMFENALCO;admin;null;null;null
342;342;ARL SEGUROS BOLIVAR;SURA;PENSION PROTECCION;CESANTIAS PORVENIR;COMFENALCO;admin;null;null;null
343;343;ARL SEGUROS BOLIVAR;SURA;PENSION PORVENIR;CESANTIAS PORVENIR;COMFENALCO;admin;null;null;null
344;344;ARL SEGUROS BOLIVAR;SALUD NUEVA EPS;PENSION PORVENIR;PENSION PORVENIR;COMFENALCO;admin;null;null;null
345;345;ARL SEGUROS BOLIVAR;SURA;PENSION COLFONDOS;PENSION COLFONDOS;COMFENALCO;admin;null;null;null
346;346;ARL SEGUROS BOLIVAR;SALUD TOTAL;PENSION COLPENSIONES;PENSION PORVENIR;COMFENALCO;admin;null;null;null
347;347;ARL SEGUROS BOLIVAR;SURA;PENSION PROTECCION;CESANTIAS PORVENIR;COMFENALCO;admin;null;null;null
348;348;ARL SEGUROS BOLIVAR;SURA;PENSION PROTECCION;CESANTIAS PORVENIR;COMFENALCO;admin;null;null;null
349;349;ARL SEGUROS BOLIVAR;SALUD TOTAL;PENSION COLPENSIONES;CESANTIAS PORVENIR;COMFENALCO;admin;null;null;null
350;350;ARL SEGUROS BOLIVAR;SURA;PENSION COLPENSIONES;CESANTIAS PORVENIR;COMFENALCO;admin;null;null;null
351;351;ARL SEGUROS BOLIVAR;SALUD TOTAL;PENSION PORVENIR;CESANTIAS PORVENIR;COMFENALCO;admin;null;null;null
352;352;ARL SEGUROS BOLIVAR;SALUD TOTAL;PENSION PORVENIR;CESANTIAS PORVENIR;COMFENALCO;admin;null;null;null
353;353;ARL SEGUROS BOLIVAR;SAVIA SALUD;PENSION PORVENIR;CESANTIAS PORVENIR;COMFENALCO;admin;null;null;null
354;354;ARL SEGUROS BOLIVAR;SURA;PENSION PROTECCION;CESANTIAS PORVENIR;COMFENALCO;admin;null;null;null
355;355;ARL SEGUROS BOLIVAR;SALUD NUEVA EPS;PENSION COLFONDOS;CESANTIAS PORVENIR;COMFENALCO;admin;null;null;null
356;356;ARL SEGUROS BOLIVAR;SALUD TOTAL;PENSION PROTECCION;CESANTIAS PORVENIR;COMFENALCO;admin;null;null;null
357;357;ARL SEGUROS BOLIVAR;SURA;PENSION COLFONDOS;CESANTIAS PORVENIR;COMFENALCO;admin;null;null;null
358;358;ARL SEGUROS BOLIVAR;SALUD TOTAL;PENSION PORVENIR;CESANTIAS PORVENIR;COMFENALCO;admin;null;null;null
359;359;ARL SEGUROS BOLIVAR;SALUD TOTAL;PENSION PORVENIR;CESANTIAS PORVENIR;COMFENALCO;admin;null;null;null
360;360;ARL SEGUROS BOLIVAR;SALUD NUEVA EPS;PENSION PROTECCION;CESANTIAS PORVENIR;COMFENALCO;admin;null;null;null
361;361;ARL SEGUROS BOLIVAR;SALUD NUEVA EPS;PENSION PROTECCION;CESANTIAS PORVENIR;COMFENALCO;admin;null;null;null
362;362;ARL SEGUROS BOLIVAR;SURA;PENSION PORVENIR;CESANTIAS PORVENIR;COMFENALCO;admin;null;null;null
363;363;ARL SEGUROS BOLIVAR;SAVIA SALUD;PENSION COLPENSIONES;CESANTIAS PORVENIR;COMFENALCO;admin;null;null;null
364;364;ARL SEGUROS BOLIVAR;SURA;PENSION PROTECCION;CESANTIAS PORVENIR;COMFENALCO;admin;null;null;null
