1;SAX-064;5JD26SH42883;T695H19572;AMARILLO;1995;5;SEDAN;TAXI;GASOLINA;1600;30375;D.D.T  ANT;CHEVROLET;1;admin;NULL;NULL;NULL
2;SNN-194;G4HC6M927834;MALAB51G`7M943500;AMARILLO;2007;4;SEDAN;TAXI;GASO;999;72543;SABANETA;HYUNDAI;2;admin;NULL;NULL;NULL
3;TPX-788;G4HC6M927512;MALAB51GP7M943387;AMARILLO;2007;4;SEDAN;TAXI;GASO;999;42060;MEDELLIN;HYUNDAI;3;admin;NULL;NULL;NULL
4;TPY-545;B10S1702581KA2;9GAMM61017B010133;AMARILLO;2007;4;SEDAN;TAXI;GASO;1000;10001116124;MEDELLIN;CHEVROLET;4;admin;NULL;NULL;NULL
5;TRC-069;469HM2U1066060;WH530412;AZUL;1998;37;ESCALERA;BUS;ACPM;7636;10002398642;BELLO;INTERNACIONAL;5;admin;NULL;NULL;NULL
6;TPY-732;G4HC6M013442;MALAB51GP7M013488;AMARILLO;2007;4;SEDAN;TAXI;GASOLINA;1000;10000861734;MEDELLIN;HYUNDAI;6;admin;NULL;NULL;NULL
7;SNN-991;G4EE7749516;KMHCM41AP8U155229;AMARILLO;2008;4;SEDAN;TAXI;GASO;1399;1519630;SABANETA;HYUNDAI;7;admin;NULL;NULL;NULL
8;TPZ-632;B10S1743351KA2;9GAMM61028B011549;AMARILLO;2008;4;SEDAN;TAXI;GASO;1000;10000975115;MEDELLIN;CHEVROLET;8;admin;NULL;NULL;NULL
9;TPX-836;J05CTE15282;JHDFB4JJT7XX10870;VERDE;2007;50;CERRADO;BUS;ACPM;5307;421938;MEDELLIN;HINO;9;admin;NULL;NULL;NULL
10;TSF-044;B10S1918916KA2;9GAMM61098B016540;AMARILLO;2008;4;SEDAN;TAXI;GASO;1000;10001348677;MEDELLIN;CHEVROLET;10;admin;NULL;NULL;NULL
11;WMP-767;J05ETY11482;9F3FC9JLTXX;BLANCO;2016;60;CERRADA;BUS;DIESEL;5123;10011632604;MEDELLIN;HINO;11;admin;NULL;NULL;NULL
12;SKR-027;362GM2U070221;3HVBNAAN51N085110;BLANCO AZUL;2001;37;CERRADO;BUS;ACPM;4700;10000185553;LA CEJA;INTERNATIONAL;12;admin;NULL;NULL;NULL
13;TSF-343;J05CTF16739;JHDFC4JKU8XX10131;VERDE;2008;55;CERRADO;BUS;ACPM;5307;2534408;MEDELLIN;HINO;13;admin;NULL;NULL;NULL
14;TSH-968;B10S1143350KC2;9GAMM61059B125918;AMARILLO;2009;4;SEDAN;TAXI;GASOLINA;1000;10000902317;MEDELLIN;CHEVROLET;14;admin;NULL;NULL;NULL
15;TSI-251;G4HC8M449981;MALAB51GP9M298789;AMARILLO;2009;4;SEDAN;TAXI;GASO;1000;3883137;MEDELLIN;HYUNDAI;15;admin;NULL;NULL;NULL
16;TMH-433;470HM2U1259382;3HVBNAAN31N007828;AZUL;2001;40;CERRADO;BUS;ACPM;5000;3231598;CALDAS;INTERNATIONAL;16;admin;NULL;NULL;NULL
17;SNP-183;A712Q042731;9FBLB0LCD9M003860;AMARILLO LIMA;2009;4;SEDAN;TAXI;GASOLINA;1390;3301518;SABANETA;RENAULT;17;admin;NULL;NULL;NULL
18;TSI-825;G4HC8M679328;MALAB51GP9M386774;AMARILLO;2009;4;SEDAN;TAXI;GASOLINA;1000;10002682419;MEDELLIN;HYUNDAI;18;admin;NULL;NULL;NULL
19;SNP-103;G4HC8M657893;MALAB51GP9M380639;AMARILLO;2009;4;SEDAN;TAXI;GASO;999;3302586;SABANETA;HYUNDAI;19;admin;NULL;NULL;NULL
20;TSJ-074;A712Q042422;9FBLB0LCD8M003568;AMARILLO LIMA;2008;4;SEDAN;TAXI;GASOLINA;1390;3896002;MEDELLIN;RENAULT;20;admin;NULL;NULL;NULL
21;TSJ-126;G4HC9M706154;MALAB51GP9M399152;AMARILLO;2009;4;SEDAN;TAXI;GASOLINA;1000;10003510838;MEDELLIN;HYUNDAI;21;admin;NULL;NULL;NULL
22;TSJ-321;G4HC8M656773;MALAB51GP9M380047;AMARILLO;2009;4;SEDAN;TAXI;GASO;1000;10001308793;MEDELLIN;HYUNDAI;22;admin;NULL;NULL;NULL
23;TSJ-774;G4HC9M735741;MALAB51GAAM412471;AMARILLO;2010;4;SEDAN;TAXI;GASOLINA;1000;10001776045;MEDELLIN;HYUNDAI;23;admin;NULL;NULL;NULL
24;TSJ-551;470HM2U1558102;3HVBFAAN1AN184892;AZUL;2010;37;CERRADO;BUS;ACPM;7636;10002657024;MEDELLIN;INTERNATIONAL;24;admin;NULL;NULL;NULL
25;TSK-846;G4HC9M912648;MALAB51GAAM488177;AMARILLO;2010;4;SEDAN;TAXI;GASOLINA;1000;10000091904;MEDELLIN;HYUNDAI;25;admin;NULL;NULL;NULL
26;TSI-958;G4HC9M690180;MALAB51GP9M391592;AMARILLO;2009;4;SEDAN;TAXI;GASOLINA;1000;10000249766;MEDELLIN;HYUNDAI;26;admin;NULL;NULL;NULL
27;SMT-600;G4HC9M911133;MALAB51GAAM486697;AMARILLO;2010;4;SEDAN;TAXI;GASO;1000;10000163508;MEDELLIN;HYUNDAI;27;admin;NULL;NULL;NULL
28;SMU-150;G4HCAM953453;MALAB51GABM516096;AMARILLO;2011;4;HATCH BACK;TAXI;GASO;1000;10000444375;MEDELLIN;HYUNDAI;28;admin;NULL;NULL;NULL
29;SMU-396;G4HCAM951350;MALAB51GABM516077;AMARILLO;2011;4;HATCH BACK;TAXI;GASO;1000;10001650617;MEDELLIN;HYUNDAI;29;admin;NULL;NULL;NULL
30;SMU-580;B10S1547501KC2;9GAMM6107BB011425;AMARILLO;2011;4;HATCH BACK;TAXI;GASO;995;10000672967;MEDELLIN;CHEVROLET;30;admin;NULL;NULL;NULL
31;SMU-528;G4HCAM958127;MALAB51GABM516072;AMARILLO;2011;4;HATCH BACK;TAXI;GASO;1000;10000651945;MEDELLIN;HYUNDAI;31;admin;NULL;NULL;NULL
32;SMU-744;G4HCAM053345;MALAB51GABM553554;AMARILLO;2011;4;HATCH BACK;TAXI;GASO;1000;10002583261;MEDELLIN;HYUNDAI;32;admin;NULL;NULL;NULL
33;SMV-124;B10S1592636KC2;9GAMM6102BB027841;AMARILLO;2011;4;SEDAN;TAXI;GASO;995;10001300699;MEDELLIN;CHEVROLET;33;admin;NULL;NULL;NULL
34;SMV-044;G9UA754C251439;93YCDDUH6BJ505820;AZUL;2011;15;CERRADO;BUS;DIESEL;2463;10000885042;MEDELLIN;RENAULT;34;admin;NULL;NULL;NULL
35;SMV-357;J05CTF22589;JHDFC4JKUBXX12434;VERDE;2011;36;CERRADA;BUS;ACPM;5307;10001046557;MEDELLIN;HINO;35;admin;NULL;NULL;NULL
36;SMU-442;G4HGAP020929;KNABJ513ABT002437;AMARILLO;2011;4;HATCH BACK;TAXI;GASO;1086;10002025309;MEDELLIN;KIA;36;admin;NULL;NULL;NULL
37;SMX-033;G4HCAM080816;MALAB51GABM569140;AMARILLO;2011;4;HATCH BACK;TAXI;GASO;1000;10001391313;MEDELLIN;HYUNDAI;37;admin;NULL;NULL;NULL
38;SMX-059;G4HCAM142993;MALAB51GABM601912;AMARILLO;2011;4;HATCH BACK;TAXI;GASO;1000;10001653327;MEDELLIN;HYUNDAI;38;admin;NULL;NULL;NULL
39;STU-544;G4HCAM144247;MALAB51GABM602461;AMARILLO;2011;4;HATCH BACK;TAXI;GASO;1000;10002069687;MEDELLIN;HYUNDAI;39;admin;NULL;NULL;NULL
40;STU-549;G4HCBM189439;MALAB51GACM629216;AMARILLO;2012;4;HATCH BACK;TAXI;GASO;1000;10002071871;MEDELLIN;HYUNDAI;40;admin;NULL;NULL;NULL
41;STU-970;G4HCBM263359;MALAB51GACM665495;AMARILLO;2012;4;HATCH BACK;TAXI;GASO;1000;10002341103;MEDELLIN;HYUNDAI;41;admin;NULL;NULL;NULL
42;STV-468;B10S1803068KC2;9GAMM6109CB049434;AMARILLO;2012;5;SEDAN;TAXI;GASO;995;10002691135;MEDELLIN;CHEVROLET;42;admin;NULL;NULL;NULL
43;STW-035;G4HGBM374844;MALAB51HACM721174;AMARILLO;2012;5;HATCH BACK;TAXI;GASO;1086;10003086643;MEDELLIN;HYUNDAI;43;admin;NULL;NULL;NULL
44;STW-107;G4HGBM375780;MALAB51HACM721350;AMARILLO;2012;5;HATCH BACK;TAXI;GASO;1086;10003153659;MEDELLIN;HYUNDAI;44;admin;NULL;NULL;NULL
45;STW-105;G4HGBM377365;MALAB51HACM721831;AMARILLO;2012;5;HATCH BACK;TAXI;GASO;1086;10003152698;MEDELLIN;HYUNDAI;45;admin;NULL;NULL;NULL
46;STW-108;G4HGBM376318;MALAB51HACM721670;AMARILLO;2012;5;HATCH BACK;TAXI;GASO;1086;10003153845;MEDELLIN;HYUNDAI;46;admin;NULL;NULL;NULL
47;STW-106;G4HGBM376899;MALAB51HACM721706;AMARILLO;2012;5;HATCH BACK;TAXI;GASO;1086;10003153349;MEDELLIN;HYUNDAI;47;admin;NULL;NULL;NULL
48;STW-109;G4HGBM376096;MALAB51HACM721316;AMARILLO;2012;5;HATCH BACK;TAXI;GASO;1086;10003154135;MEDELLIN;HYUNDAI;48;admin;NULL;NULL;NULL
49;SNO-726;470HM2U1521897;3HVBFAAN08N680583;AZUL;2008;37;CERRADA;BUS;DIESEL;7636;10003320679;SABANETA;INTERNACIONAL;49;admin;NULL;NULL;NULL
50;STW-749;G4HGBM406024;MALAB51HACM731913;AMARILLO;2012;5;HATCH BACK;TAXI;GASO;1086;10003625264;MEDELLIN;HYUNDAI;50;admin;NULL;NULL;NULL
51;STW-871;G4HGBM420861;MALAB51HACM737530;AMARILLO;2012;5;HATCH BACK;TAXI;GASO;1086;10003737298;MEDELLIN;HYUNDAI;51;admin;NULL;NULL;NULL
52;TSZ-407;4HK1003469;9GCN1R759DB018243;VERDE;2013;51;CERRADA;BUS;ACPM;5193;10004764181;MEDELLIN;CHEVROLET;52;admin;NULL;NULL;NULL
53;TTN-358;J05EUA10183;9F3FC9JKTEXX10092;BLANCO VERDE;2014;37;CERRADA;BUS;ACPM;5123;10006356271;MEDELLIN;HINO;53;admin;NULL;NULL;NULL
54;TSH-725;G4HC8M412361;MALAB51GP9M284390;AMARILLO;2009;4;SEDAN;TAXI;GASO;1000;10000355066;MEDELLIN;HYUNDAI;54;admin;NULL;NULL;NULL
55;STU-237;G4HCAM144637;MALAB51GABM602816;AMARILLO;2011;4;HATCH BACK;TAXI;GASO;1000;10005470459;MEDELLIN;HYUNDAI;55;admin;NULL;NULL;NULL
56;SNU-750;N04CUV15549;9F3UCP0H5E3100705;AZUL;2014;25;CERRADA;BUS;ACPM;4009;10006230789;SABANETA;HINO;56;admin;NULL;NULL;NULL
57;TTN-346;J05EUA10180;9F3FC9JKTEXX10089;ROJO;2014;37;CERRADA;BUS;ACPM;5123;10006364357;MEDELLIN;HINO;57;admin;NULL;NULL;NULL
58;TTN-536;J05EUA10184;9F3FC9JKTEXX10093;ROJO;2014;37;CERRADA;BUS;ACPM;5123;10006502293;MEDELLIN;HINO;58;admin;NULL;NULL;NULL
59;WDX-033;J05EUA10215;9F3FC9JKTEXX10124;VERDE;2014;37;CERRADA;BUS;ACPM;5123;10006692885;MEDELLIN;HINO;59;admin;NULL;NULL;NULL
60;WDX-374;J05EUA10222;9F3FC9JKTEXX10130;VERDE;2014;37;CERRADA;BUS;ACPM;5123;10006957649;MEDELLIN;HINO;60;admin;NULL;NULL;NULL
61;STV-608;G4HCBM320976;MALAB51GACM695745;AMARILLO;2012;5;HATCH BACK;TAXI;GASO;1000;10006796785;MEDELLIN;HYUNDAI;61;admin;NULL;NULL;NULL
62;INI-035;470HM2U1499364;3HVBFAAN27N485521;AZUL;2007;39;CERRADA;BUS;ACPM;7636;10006871065;MEDELLIN;INTERNACIONAL;62;admin;NULL;NULL;NULL
63;WDX-899;J05EUA10225;9F3FC9JKTEXX10133;ROJO;2014;55;CERRADA;BUS;ACPM;5123;10007515188;MEDELLIN;HINO;63;admin;NULL;NULL;NULL
64;WDX-915;J05EUA10287;9F3FC9JKTFXX10195;ROJO;2015;37;CERRADA;BUS;ACPM;5123;10007620819;MEDELLIN;HINO;64;admin;NULL;NULL;NULL
65;WDX-940;J05EUA10249;9F3FC9JKTEXX10157;VERDE;2014;37;CERRADA;BUS;ACPM;5123;10007617699;MEDELLIN;HINO;65;admin;NULL;NULL;NULL
66;WDX-941;J05EUA10248;9F3FC9JKTEXX10156;VERDE;2014;37;CERRADA;BUS;ACPM;5123;10007617963;MEDELLIN;HINO;66;admin;NULL;NULL;NULL
67;WDX-945;J05EUA10250;9F3FC9JKTEXX10158;VERDE;2014;37;CERRADA;BUS;ACPM;5123;10007617509;MEDELLIN;HINO;67;admin;NULL;NULL;NULL
68;WDX-954;J05EUA10244;9F3FC9JKTEXX10152;VERDE;2014;37;CERRADA;BUS;ACPM;5123;10007644929;MEDELLIN;HINO;68;admin;NULL;NULL;NULL
69;WDX-979;J05EUA10247;9F3FC9JKTEXX10155;VERDE;2014;55;CERRADA;BUS;ACPM;5123;10007677868;MEDELLIN;HINO;69;admin;NULL;NULL;NULL
70;WDX-980;J05EUA10224;9F3FC9JKTEXX10132;VERDE;2014;55;CERRADA;BUS;ACPM;5123;10007677868;MEDELLIN;HINO;70;admin;NULL;NULL;NULL
71;WDX-891;J05ETY10278;9F3FC9JLTEXX10013;AZUL;2014;41;CERRADA;BUS;ACPM;5123;10007555362;MEDELLIN;HINO;71;admin;NULL;NULL;NULL
72;SKR-246;470HM2U1496358;3HVBFAAN27N439476;AZUL;2007;37;CERRADA;BUS;ACPM;7636;10007627878;LA CEJA;INTERNACIONAL;72;admin;NULL;NULL;NULL
73;SKR-250;470HM2U1496357;3HVBFAAN57N439472;AZUL;2007;37;CERRADA;BUS;ACPM;7636;10007619459;LA CEJA;INTERNACIONAL;73;admin;NULL;NULL;NULL
74;WDY-290;J05EUA10284;9F3FC9JKTFXX10192;BLANCO VERDE;2015;55;CERRADA;BUS;ACPM;5123;10008019748;MEDELLIN;HINO;74;admin;NULL;NULL;NULL
75;WDY-323;J05EUA10283;9F3FC9JKTFXX10191;BLANCO VERDE;2015;37;CERRADA;BUS;ACPM;5123;10008060600;MEDELLIN;HINO;75;admin;NULL;NULL;NULL
76;SNV-297;J05EUA10351;9F3FC9JKTFXX10259;AZUL;2015;38;CERRADA;BUS;ACPM;5123;10007905170;MEDELLIN;HINO;76;admin;NULL;NULL;NULL
77;TPY-511;470HM2U1498439;3HVBFAAN77N485515;AZUL;2007;42;CERRADA;BUS;ACPM;7636;10007969737;MEDELLIN;INTERNACIONAL;77;admin;NULL;NULL;NULL
78;SKR-226;470HM2U1492340;3HVBFAAN27N391378;AZUL;2007;39;CERRADA;BUS;ACPM;7636;10007806368;MEDELLIN;INTERNACIONAL;78;admin;NULL;NULL;NULL
79;WDY-494;J05ETY10367;9F3FC9JLTFXX10078;ROJO;2015;40;CERRADA;BUS;ACPM;5123;10008233315;MEDELLIN;HINO;79;admin;NULL;NULL;NULL
80;WDY-551;J05ETY10370;9F3FC9JLTFXX10081;VERDE;2015;40;CERRADA;BUS;ACPM;5123;10008279601;MEDELLIN;HINO;80;admin;NULL;NULL;NULL
81;WDY-550;J05ETY10427;9F3FC9JLTFXX10135;ROJO;2015;40;CERRADA;BUS;ACPM;5123;10008279716;MEDELLIN;HINO;81;admin;NULL;NULL;NULL
82;WDY-520;J05EUA10288;9F3FC9JKTFXX10196;ROJO;2015;37;CERRADA;BUS;ACPM;5123;10008376215;MEDELLIN;HINO;82;admin;NULL;NULL;NULL
83;WDY-653;J05ETY10368;9F3FC9JLTFXX10079;ROJO;2015;40;CERRADA;BUS;ACPM;5123;10008400453;MEDELLIN;HINO;83;admin;NULL;NULL;NULL
84;WDY-499;J05EUA10295;9F3FC9JKTFXX10203;BLANCO VERDE;2015;37;CERRADA;BUS;ACPM;5123;10008340349;MEDELLIN;HINO;84;admin;NULL;NULL;NULL
85;WDY-680;J05ETY10369;9F3FC9JLTFXX10080;BLANCO VERDE;2015;40;CERRADA;BUS;DIESEL;5123;10008443742;MEDELLIN;HINO;85;admin;NULL;NULL;NULL
86;SNW-764;4HK1149591;9GCNPR754EB029456;AZUL;2014;24;CERRADA;BUS;ACPM;5193;10008394459;SABANETA;CHEVROLET;86;admin;NULL;NULL;NULL
87;WDY-734;J05ETY10467;9F3FC9JLTFXX10167;BLANCO VERDE;2015;40;CERRADA;BUS;ACPM;5123;10008539603;MEDELLIN;HINO;87;admin;NULL;NULL;NULL
88;SPC-037;J05CTF16341;JHDFC4JKU8XX10040;AZUL;2008;35;CERRADA;BUS;ACPM;5307;10008202643;MARINILLA;HINO;88;admin;NULL;NULL;NULL
89;WDY-705;J05EUA10361;9F3FC9JKTFXX10269;BLANCO VERDE;2015;37;CERRADA;BUS;ACPM;5123;10008547689;MEDELLIN;HINO;89;admin;NULL;NULL;NULL
90;SKR-269;470HM2U1499963;3HVBFAAN27N485518;AZUL;2007;37;CERRADA;BUS;ACPM;7636;10008531955;LA CEJA;INTERNACIONAL;90;admin;NULL;NULL;NULL
91;WDY-928;J05ETY10532;9F3FC9JLTFXX10221;BLANCO;2015;55;CERRADA;BUS;ACPM;5123;10008803034;MEDELLIN;HINO;91;admin;NULL;NULL;NULL
92;WDY-889;J05EUA10482;9F3FC9JKTFXX10390;BLANCO VERDE;2015;37;CERRADA;BUS;ACPM;5123;1008727442;MEDELLIN;HINO;92;admin;NULL;NULL;NULL
93;WDY-962;J05EUA10475;9F3FC9JKTFXX10383;BLANCO VERDE;2015;37;CERRADA;BUS;ACPM;5123;10008851971;MEDELLIN;HINO;93;admin;NULL;NULL;NULL
94;WDY-927;J05EUA10485;9F3FC9JKTFXX10393;BLANCO VERDE;2015;55;CERRADA;BUS;ACPM;5123;10008822999;MEDELLIN;HINO;94;admin;NULL;NULL;NULL
95;WDZ-045;JO5EUA10484;9F3FC9JKTFXX10392;VERDE;2015;37;CERRADA;BUS;ACPM;5123;10008966736;MEDELLIN;HINO;95;admin;NULL;NULL;NULL
96;WDZ-060;J05EUA10516;9F3FC9JKTFXX10424;BLANCO VERDE;2015;37;CERRADA;BUS;ACPM;5123;10009014316;MEDELLIN;HINO;96;admin;NULL;NULL;NULL
97;TSK-123;470HM2U1560455;3HVBFAANXAN240523;AZUL;2010;37;CERRADO;BUS;ACPM;7636;4501294;MEDELLIN;INTERNACIONAL;97;admin;NULL;NULL;NULL
98;WDZ-177;J05EUA10487;9F3FC9JKTFXX10395;ROJO;2015;37;CERRADA;BUS;ACPM;5123;10009084377;MEDELLIN;HINO;98;admin;NULL;NULL;NULL
99;WDZ-272;N04CUV19882;9F3UCP0H7F3101985;ROJO;2015;19;CERRADA;MICROBUS;ACPM;4009;10009280591;MEDELLIN;HINO;99;admin;NULL;NULL;NULL
100;WDZ-393;J05ETY10648;9F3FC9JLTFXX10320;ROJO;2015;60;CERRADA;BUS;ACPM;5123;10009342322;MEDELLIN;HINO;100;admin;NULL;NULL;NULL
101;TSG-939;G4HC8M412755;MALAB51GP9M285436;AMARILLO;2009;4;SEDAN;TAXI;GASO;1000;10002694644;MEDELLIN;HYUNDAI;101;admin;NULL;NULL;NULL
102;TSI-265;470HM2U1526222;3HVBFAAN88N694067;AZUL;2008;44;CERRADA;BUS;DIESEL;7636;10009370284;MEDELLIN;INTERNACIONAL;102;admin;NULL;NULL;NULL
103;WDZ-584;J05ETY10699;9F3FC9JLTFXX10361;ROJO;2015;40;CERRADA;BUS;ACPM;5123;10009552431;NEDELLIN;HINO;103;admin;NULL;NULL;NULL
104;WDZ-630;J05EUA10602;9F3FC9JKTFXX10510;BLANCO VERDE;2015;50;CERRADA;BUS;ACPM;5123;10009591573;MEDELLIN;HINO;104;admin;NULL;NULL;NULL
105;STC-174;J05ETY10891;9F3FC9JLTGXX10448;BLANCO;2015;60;CERRADA;BUS;ACPM;5123;N/A;N/A;HINO;105;admin;NULL;NULL;NULL
106;WMP-066;J05ETY10903;9F3FC9JLTGXX10453;BLANCO;2015;60;CERRADA;BUS;ACPM;5123;10010570787;MEDELLIN;HINO;106;admin;NULL;NULL;NULL
107;WMP-068;J05ETY10904;9F3FC9JLTGXX10454;BLANCO;2015;60;CERRADA;BUS;ACPM;5123;10010590571;MEDELLIN;HINO;107;admin;NULL;NULL;NULL
108;WMP-044;J05ETY10909;9F3FC9JLTGXX10455;BLANCO;2015;60;CERRADA;BUS;ACPM;5123;N/A;N/A;HINO;108;admin;NULL;NULL;NULL
109;WMP-057;J05ETY10910;9F3FC9JLTGXX10456;BLANCO;2015;60;CERRADA;BUS;ACPM;5123;N/A;N/A;HINO;109;admin;NULL;NULL;NULL
110;WMP-041;J05ETY10907;9F3FC9JLTGXX10459;BLANCO;2015;60;CERRADA;BUS;ACPM;5123;N/A;N/A;HINO;110;admin;NULL;NULL;NULL
111;WMP-062;J05ETY10908;9F3FC9JLTGXX10460;BLANCO;2015;60;CERRADA;BUS;ACPM;5123;N/A;N/A;HINO;111;admin;NULL;NULL;NULL
112;WMP-058;J05ETY10917;9F3FC9JLTGXX10461;BLANCO;2016;60;CERRADA;BUS;ACPM;5123;N/A;N/A;HINO;112;admin;NULL;NULL;NULL
113;WMP-039;J05ETY10918;9F3FC9JLTGXX10462;BLANCO;2015;60;CERRADA;BUS;ACPM;5123;N/A;N/A;HINO;113;admin;NULL;NULL;NULL
114;WMP-040;J05ETY10919;9F3FC9JLTGXX10463;BLANCO;2015;60;CERRADA;BUS;ACPM;5123;N/A;N/A;HINO;114;admin;NULL;NULL;NULL
115;WMP-061;J05ETY10920;9F3FC9JLTGXX10464;BLANCO;2015;60;CERRADA;BUS;ACPM;5123;N/A;N/A;HINO;115;admin;NULL;NULL;NULL
116;WMP-056;J05ETY10921;9F3FC9JLTGXX10465;BLANCO;2015;60;CERRADA;BUS;ACPM;5123;N/A;N/A;HINO;116;admin;NULL;NULL;NULL
117;WMP-064;J05ETY10922;9F3FC9JLTGXX10466;BLANCO;2015;60;CERRADA;BUS;ACPM;5123;N/A;N/A;HINO;117;admin;NULL;NULL;NULL
118;WMP-005;J05ETY10929;9F3FC9JLTGXX10467;BLANCO;2015;60;CERRADA;BUS;ACPM;5123;N/A;N/A;HINO;118;admin;NULL;NULL;NULL
119;WMP-055;J05ETY10930;9F3FC9JLTGXX10468;BLANCO;2015;60;CERRADA;BUS;ACPM;5123;N/A;N/A;HINO;119;admin;NULL;NULL;NULL
120;WMP-063;J05ETY10931;9F3FC9JLTGXX10469;BLANCO;2015;60;CERRADA;BUS;ACPM;5123;N/A;N/A;HINO;120;admin;NULL;NULL;NULL
121;WMP-009;J05ETY10932;9F3FC9JLTGXX10470;BLANCO;2015;60;CERRADA;BUS;ACPM;5123;N/A;N/A;HINO;121;admin;NULL;NULL;NULL
122;WMP-007;J05ETY10933;9F3FC9JLTGXX10471;BLANCO;2015;60;CERRADA;BUS;ACPM;5123;N/A;N/A;HINO;122;admin;NULL;NULL;NULL
123;WMP-006;J05ETY10934;9F3FC9JLTGXX10472;BLANCO;2015;60;CERRADA;BUS;ACPM;5123;N/A;N/A;HINO;123;admin;NULL;NULL;NULL
124;WMP-008;J05ETY10943;9F3FC9JLTGXX10473;BLANCO;2015;60;CERRADA;BUS;ACPM;5123;N/A;N/A;HINO;124;admin;NULL;NULL;NULL
125;STB-224;J05ETY10945;9F3FC9JLTGXX10474;BLANCO;2015;60;CERRADA;BUS;ACPM;5123;N/A;ITAGUI;HINO;125;admin;NULL;NULL;NULL
126;STB-227;J05ETY10946;9F3FC9JLTGXX10475;BLANCO;2015;60;CERRADA;BUS;ACPM;5123;N/A;ITAGUI;HINO;126;admin;NULL;NULL;NULL
127;STC-168;J05ETY10947;9F3FC9JLTGXX10476;BLANCO;2015;60;CERRADA;BUS;ACPM;5123;N/A;ITAGUI;HINO;127;admin;NULL;NULL;NULL
128;WMP-038;J05ETY10948;9F3FC9JLTGXX10477;BLANCO;2015;60;CERRADA;BUS;ACPM;5123;N/A;N/A;HINO;128;admin;NULL;NULL;NULL
129;WMP-060;J05ETY10949;9F3FC9JLTGXX10478;BLANCO;2015;60;CERRADA;BUS;ACPM;5123;N/A;N/A;HINO;129;admin;NULL;NULL;NULL
130;WMP-042;J05ETY10956;9F3FC9JLTGXX10479;BLANCO;2015;60;CERRADA;BUS;ACPM;5123;N/A;N/A;HINO;130;admin;NULL;NULL;NULL
131;WMP-043;J05ETY10957;9F3FC9JLTGXX10480;BLANCO;2015;60;CERRADA;BUS;ACPM;5123;N/A;N/A;HINO;131;admin;NULL;NULL;NULL
132;WMP-059;J05ETY10958;9F3FC9JLTGXX10481;BLANCO;2015;60;CERRADA;BUS;ACPM;5123;N/A;N/A;HINO;132;admin;NULL;NULL;NULL
133;WMP-067;J05ETY10959;9F3FC9JLTGXX10482;BLANCO;2015;60;CERRADA;BUS;ACPM;5123;10010589847;MEDELLIN;HINO;133;admin;NULL;NULL;NULL
134;WMP-069;J05ETY10961;9F3FC9JLTGXX10483;BLANCO;2015;60;CERRADA;BUS;ACPM;5123;10010571946;MEDELLIN;HINO;134;admin;NULL;NULL;NULL
135;WMP-083;J05ETY10962;9F3FC9JLTGXX10484;BLANCO;2015;60;CERRADA;BUS;ACPM;5123;10010572025;MEDELLIN;HINO;135;admin;NULL;NULL;NULL
136;WMP-070;J05ETY10969;9F3FC9JLTGXX10485;BLANCO;2016;60;CERRADA;BUS;ACPM;5123;10010571447;MEDELLIN;HINO;136;admin;NULL;NULL;NULL
137;STC-166;J05ETY11002;9F3FC9JLTGXX10508;BLANCO;2015;60;CERRADA;BUS;ACPM;5123;N/A;N/A;HINO;137;admin;NULL;NULL;NULL
138;STC-165;J05ETY11008;9F3FC9JLTGXX10509;BLANCO;2015;60;CERRADA;BUS;ACPM;5123;N/A;N/A;HINO;138;admin;NULL;NULL;NULL
139;STC-164;J05ETY11007;9F3FC9JLTGXX10510;BLANCO;2015;60;CERRADA;BUS;ACPM;5123;N/A;N/A;HINO;139;admin;NULL;NULL;NULL
140;STC-163;J05ETY11010;9F3FC9JLTGXX10512;BLANCO;2015;60;CERRADA;BUS;ACPM;5123;N/A;N/A;HINO;140;admin;NULL;NULL;NULL
141;STC-162;J05ETY11011;9F3FC9JLTGXX10513;BLANCO;2015;60;CERRADA;BUS;ACPM;5123;N/A;N/A;HINO;141;admin;NULL;NULL;NULL
142;STC-160;J05ETY11012;9F3FC9JLTGXX10514;BLANCO;2015;60;CERRADA;BUS;ACPM;5123;N/A;N/A;HINO;142;admin;NULL;NULL;NULL
143;STC-161;J05ETY11013;9F3FC9JLTGXX10515;BLANCO;2015;60;CERRADA;BUS;ACPM;5123;N/A;N/A;HINO;143;admin;NULL;NULL;NULL
144;STC-159;J05ETY11014;9F3FC9JLTGXX10516;BLANCO;2015;60;CERRADA;BUS;ACPM;5123;N/A;N/A;HINO;144;admin;NULL;NULL;NULL
145;STC-157;J05ETY11015;9F3FC9JLTGXX10517;BLANCO;2015;60;CERRADA;BUS;ACPM;5123;N/A;N/A;HINO;145;admin;NULL;NULL;NULL
146;STC-156;J05ETY11016;9F3FC9JLTGXX10518;BLANCO;2015;60;CERRADA;BUS;ACPM;5123;N/A;N/A;HINO;146;admin;NULL;NULL;NULL
147;WMP-037;J05ETY11017;9F3FC9JLTGXX10519;BLANCO;2015;60;CERRADA;BUS;ACPM;5123;10010571439;MEDELLIN;HINO;147;admin;NULL;NULL;NULL
148;WMP-032;J05ETY11018;9F3FC9JLTGXX10520;BLANCO;2015;60;CERRADA;BUS;ACPM;5123;10010571043;N/A;HINO;148;admin;NULL;NULL;NULL
149;WMP-034;J05ETY11020;9F3FC9JLTGXX10521;BLANCO;2015;60;CERRADA;BUS;ACPM;5123;10010585031;MEDELLIN;HINO;149;admin;NULL;NULL;NULL
150;WMP-035;J05ETY11021;9F3FC9JLTGXX10522;BLANCO;2015;60;CERRADA;BUS;ACPM;5123;10010572991;MEDELLIN;HINO;150;admin;NULL;NULL;NULL
151;WMP-036;J05ETY11022;9F3FC9JLTGXX10523;BLANCO;2015;60;CERRADA;BUS;ACPM;5123;10010572021;MEDELLIN;HINO;151;admin;NULL;NULL;NULL
152;WMP-027;J05ETY11023;9F3FC9JLTGXX10524;BLANCO;2015;60;CERRADA;BUS;ACPM;5123;10010570863;MEDELLIN;HINO;152;admin;NULL;NULL;NULL
153;WMP-030;J05ETY11025;9F3FC9JLTGXX10526;BLANCO;2015;60;CERRADA;BUS;ACPM;5123;10010572377;MEDELLIN;HINO;153;admin;NULL;NULL;NULL
154;WMP-029;J05ETY11033;9F3FC9JLTGXX10527;BLANCO;2015;60;CERRADA;BUS;ACPM;5123;10010574115;MEDELLIN;HINO;154;admin;NULL;NULL;NULL
155;WMP-028;J05ETY11034;9F3FC9JLTGXX10528;BLANCO;2015;60;CERRADA;BUS;ACPM;5123;10010574055;MEDELLIN;HINO;155;admin;NULL;NULL;NULL
156;WMP-031;J05ETY11028;9F3FC9JLTGXX10529;BLANCO;2015;60;CERRADA;BUS;ACPM;5123;10010572235;medellin;HINO;156;admin;NULL;NULL;NULL
157;STC-167;J05ETY11032;9F3FC9JLTGXX10530;BLANCO;2015;60;CERRADA;BUS;ACPM;5123;N/A;N/A;HINO;157;admin;NULL;NULL;NULL
158;STC-173;J05ETY11038;9F3FC9JLTGXX10534;BLANCO;2015;60;CERRADA;BUS;ACPM;5123;N/A;N/A;HINO;158;admin;NULL;NULL;NULL
159;STC-172;J05ETY11039;9F3FC9JLTGXX10535;BLANCO;2015;60;CERRADA;BUS;ACPM;5123;N/A;N/A;HINO;159;admin;NULL;NULL;NULL
160;STC-171;J05ETY11040;9F3FC9JLTGXX10536;BLANCO;2015;60;CERRADA;BUS;ACPM;5123;N/A;N/A;HINO;160;admin;NULL;NULL;NULL
161;STC-169;J05ETY11042;9F3FC9JLTGXX10537;BLANCO;2015;60;CERRADA;BUS;ACPM;5123;N/A;N/A;HINO;161;admin;NULL;NULL;NULL
162;STC-170;J05ETY11043;9F3FC9JLTGXX10538;BLANCO;2015;60;CERRADA;BUS;ACPM;5123;N/A;N/A;HINO;162;admin;NULL;NULL;NULL
163;STC-177;J05ETY11228;9F3FC9JLTGXX10632;BLANCO;2016;60;CERRADA;BUS;ACPM;5123;10010549338;ITAGUI;HINO;163;admin;NULL;NULL;NULL
164;STC-176;J05ETY11227;9F3FC9JLTGXX10631;BLANCO;2016;60;CERRADA;BUS;ACPM;5123;10010549296;ITAGUI;HINO;164;admin;NULL;NULL;NULL
165;WMP-080;J05ETY11082;9F3FC9JLTGXX10546;BLANCO;2016;60;CERRADA;BUS;ACPM;5123;10010585311;MEDELLIN;HINO;165;admin;NULL;NULL;NULL
166;STC-175;J05ETY11009;9F3FC9JLTGXX10511;BLANCO;2016;60;CERRADA;BUS;ACPM;5123;N/A;N/A;HINO;166;admin;NULL;NULL;NULL
167;STC-179;J05ETY10901;9F3FC9JLTGXX10451;BLANCO;2016;60;CERRADA;BUS;ACPM;5123;N/A;N/A;HINO;167;admin;NULL;NULL;NULL
168;WMP-108;J05ETY10971;9F3FC9JLTGXX10487;BLANCO;2016;60;CERRADA;BUS;ACPM;5123;N/A;N/A;HINO;168;admin;NULL;NULL;NULL
169;WMP-109;J05ETY10970;9F3FC9JLTGXX10486;BLANCO;2016;60;CERRADA;BUS;ACPM;5123;N/A;N/A;HINO;169;admin;NULL;NULL;NULL
170;STU-545;G4HCAM161233;MALAB51GABM611458;AMARILLO;2011;4;HATCH BACK;TAXI;GASO;1000;1008977645;MEDELLIN;HYUNDAI;170;admin;NULL;NULL;NULL
171;TPP-629;N/A;N/A;N/A;0;0;N/A;N/A;N/A;N/A;N/A;N/A;HINO;171;admin;NULL;NULL;NULL
172;TMH-419;N/A;N/A;N/A;0;0;N/A;N/A;N/A;N/A;N/A;N/A;HINO;172;admin;NULL;NULL;NULL
173;TPP-955;N/A;N/A;N/A;0;0;N/A;N/A;N/A;N/A;N/A;N/A;HINO;173;admin;NULL;NULL;NULL
174;TPP-429;N/A;N/A;N/A;0;0;N/A;N/A;N/A;N/A;N/A;N/A;HINO;174;admin;NULL;NULL;NULL
175;WMP-120;J05ETY10906;9F3FC9JLTGXX10458;N/A;2016;60;CERRADA;BUS;ACPM;5123;N/A;N/A;HINO;175;admin;NULL;NULL;NULL
176;STC-189;N/A;N/A;N/A;0;0;N/A;N/A;N/A;N/A;N/A;N/A;HINO;176;admin;NULL;NULL;NULL
177;STC-182;N/A;N/A;N/A;0;0;N/A;N/A;N/A;N/A;N/A;N/A;HINO;177;admin;NULL;NULL;NULL
178;STC-186;N/A;N/A;N/A;0;0;N/A;N/A;N/A;N/A;N/A;N/A;HINO;178;admin;NULL;NULL;NULL
179;TJZ-433;N/A;N/A;N/A;0;0;N/A;N/A;N/A;N/A;N/A;N/A;HINO;179;admin;NULL;NULL;NULL
180;TJZ-434;N/A;N/A;N/A;0;0;N/A;N/A;N/A;N/A;N/A;N/A;HINO;180;admin;NULL;NULL;NULL
181;TJZ-435;N/A;N/A;N/A;0;0;N/A;N/A;N/A;N/A;N/A;N/A;HINO;181;admin;NULL;NULL;NULL
182;TJZ-436;N/A;N/A;N/A;0;0;N/A;N/A;N/A;N/A;N/A;N/A;HINO;182;admin;NULL;NULL;NULL
183;TJZ-438;N/A;N/A;N/A;0;0;N/A;N/A;N/A;N/A;N/A;N/A;HINO;183;admin;NULL;NULL;NULL
184;TJZ-439;N/A;N/A;N/A;0;0;N/A;N/A;N/A;N/A;N/A;N/A;HINO;184;admin;NULL;NULL;NULL
185;STC-214;N/A;N/A;N/A;0;0;N/A;N/A;N/A;N/A;N/A;N/A;HINO;185;admin;NULL;NULL;NULL
186;STC-198;N/A;N/A;N/A;0;0;N/A;N/A;N/A;N/A;N/A;N/A;HINO;186;admin;NULL;NULL;NULL
187;STC-208;N/A;N/A;N/A;0;0;N/A;N/A;N/A;N/A;N/A;N/A;HINO;187;admin;NULL;NULL;NULL
188;STC-211;N/A;N/A;N/A;0;0;N/A;N/A;N/A;N/A;N/A;N/A;HINO;188;admin;NULL;NULL;NULL
189;STC-210;N/A;N/A;N/A;0;0;N/A;N/A;N/A;N/A;N/A;N/A;HINO;189;admin;NULL;NULL;NULL
190;TPP-955;N/A;N/A;N/A;0;0;N/A;N/A;N/A;N/A;N/A;N/A;HINO;190;admin;NULL;NULL;NULL
191;STC-190;N/A;N/A;N/A;0;0;N/A;N/A;N/A;N/A;N/A;N/A;HINO;191;admin;NULL;NULL;NULL
192;STC-209;J05ETY10905;9F3FC9JLTGXX10457;BLANCO;2016;60;CERRADA;BUS;ACPM;5123;N/A;N/A;HINO;192;admin;NULL;NULL;NULL
193;STC-217;J05ETY10982;9F3FC9JLTGXX10491;BLANCO;2016;60;CERRADA;BUS;ACPM;5123;N/A;N/A;HINO;193;admin;NULL;NULL;NULL
194;STC-213;J05ETY10972;9F3FC9JLTGXX10972;BLANCO;2016;60;CERRADA;BUS;ACPM;5123;N/A;N/A;HINO;194;admin;NULL;NULL;NULL
195;STC-212;J05ETY10973;9F3FC9JLTGXX10973;BLANCO;2016;60;CERRADA;BUS;ACPM;5123;N/A;N/A;HINO;195;admin;NULL;NULL;NULL
196;STC-220;J05ETY10986;9F3FC9JLTGXX10495;BLANCO;2016;60;CERRADA;BUS;ACPM;5123;N/A;N/A;HINO;196;admin;NULL;NULL;NULL
197;STC-221;J05ETY10987;9F3FC9JLTGXX10987;BLANCO;2016;60;CERRADA;BUS;ACPM;5123;N/A;N/A;HINO;197;admin;NULL;NULL;NULL
198;TJZ-437;J05ETY11035;9F3FC9JLTGXX1010531;BLANCO;2016;60;CERRADA;BUS;ACPM;5123;N/A;N/A;HINO;198;admin;NULL;NULL;NULL
199;STC-197;J05ETY10989;9F3FC9JLTGXX10989;BLANCO;2016;60;CERRADA;BUS;ACPM;5123;N/A;N/A;HINO;199;admin;NULL;NULL;NULL
200;STC-196;J05ETY10989;9F3FC9LTGXX10499;BLANCO;2016;60;CERRADA;BUS;ACPM;5123;N/A;N/A;HINO;200;admin;NULL;NULL;NULL
201;TJZ-432;N/A;N/A;N/A;0;0;N/A;N/A;N/A;N/A;N/A;N/A;N/A;201;admin;NULL;NULL;NULL
202;WDY-762;J05ETY11407;9F3FC9JLTGXX10750;BLANCO;2016;55;N/A;N/A;N/A;N/A;N/A;N/A;HINO;202;admin;NULL;NULL;NULL
203;WDY-763;J05ETY11427;9F3FC9JLTGXX10764;N/A;2016;55;N/A;N/A;N/A;N/A;N/A;N/A;HINO;203;admin;NULL;NULL;NULL
204;WDY-765;J05ETY11428;9F3FC9JLTGXX10765;N/A;2016;0;N/A;N/A;N/A;N/A;N/A;N/A;N/A;204;admin;NULL;NULL;NULL
205;WDY-766;J05ETY11429;9F3FC9JLTGXX10766;BAMBOO;2016;55;N/A;N/A;N/A;N/A;N/A;N/A;HINO;205;admin;NULL;NULL;NULL
206;WMO-995;J05ETY11434;9F3FC9JLTGXX10771;BLANCO;2016;0;N/A;N/A;N/A;N/A;N/A;N/A;HINO;206;admin;NULL;NULL;NULL
207;WMO-997;J05ETY11443;9F3FC9JLTGXX10774;BLANCO;2016;55;N/A;N/A;N/A;N/A;N/A;N/A;HINO;207;admin;NULL;NULL;NULL
208;WDY-761;J05ETY11406;9F3FC9JLTGXX10749;N/A;2016;0;N/A;N/A;N/A;N/A;N/A;N/A;HINO;208;admin;NULL;NULL;NULL
209;WDY-767;J05ETY11430;9F3FC9JLTGXX10767;BLANCO;2016;55;N/A;N/A;N/A;N/A;N/A;N/A;HINO;209;admin;NULL;NULL;NULL
210;WDY-768;J05ETY11431;9F3FC9JLTGXX10768;BLANCO;2016;55;N/A;N/A;N/A;N/A;N/A;N/A;HINO;210;admin;NULL;NULL;NULL
211;WDY-769;J05ETY11432;9F3FC9JLTGXX10769;BLANCO;2016;55;N/A;N/A;N/A;N/A;N/A;N/A;HINO;211;admin;NULL;NULL;NULL
212;WMO-998;J05ETY11445;9FC3FC9JLTGXX10776;BLANCO;2016;55;N/A;N/A;N/A;N/A;N/A;N/A;HINO;212;admin;NULL;NULL;NULL
213;WMP-001;J05ETY11462;9FC3FC9JLTGXX10791;BLANCO;2016;0;N/A;N/A;N/A;N/A;N/A;N/A;HINO;213;admin;NULL;NULL;NULL
214;WMP-003;J05ETY11464;9F3FC9JLTGXX10793;BLANCO;2016;55;N/A;N/A;N/A;N/A;N/A;N/A;HINO;214;admin;NULL;NULL;NULL
215;WMP-000;J05ETY11461;9F3FC9JLTGXX10796;N/A;2016;0;N/A;N/A;N/A;N/A;N/A;N/A;HINO;215;admin;NULL;NULL;NULL
216;WMP-513;J05ETY11470;9F3FC9LTGXX10797;BLANCO;2016;0;N/A;N/A;N/A;N/A;N/A;N/A;HINO;216;admin;NULL;NULL;NULL
217;WMP-514;J05ETY11471;9F3FC9JLTGXX10798;BLANCO;2016;0;N/A;N/A;N/A;N/A;N/A;N/A;HINO;217;admin;NULL;NULL;NULL
218;WMP-004;J05ETY11466;9F3FC9JLTGXX10799;N/A;2016;0;N/A;N/A;N/A;N/A;N/A;N/A;HINO;218;admin;NULL;NULL;NULL
219;WMP-437;J05ETY11468;9FC39JLTGXX10801;N/A;2016;0;N/A;N/A;N/A;N/A;N/A;N/A;HINO;219;admin;NULL;NULL;NULL
220;WMP-438;J05ETY11469;9FC3JLTGXX10802;N/A;2016;0;N/A;N/A;N/A;N/A;N/A;N/A;N/A;220;admin;NULL;NULL;NULL
221;WMP-439;J05ETY11472;9F3FC9JLTGXX10803;N/A;2016;0;N/A;N/A;N/A;N/A;N/A;N/A;N/A;221;admin;NULL;NULL;NULL
222;WMP-440;J05ETY11473;9F3FC9JLTGXX10804;N/A;2016;0;N/A;N/A;N/A;N/A;N/A;N/A;N/A;222;admin;NULL;NULL;NULL
223;WMP-441;J05ETY11487;9F3FC9JLTGXX10818;N/A;2016;0;N/A;N/A;N/A;N/A;N/A;N/A;N/A;223;admin;NULL;NULL;NULL
224;WMP-550;J05ETY11491;9F3FC9JLTGXX10822;N/A;2016;0;N/A;BUS;N/A;N/A;N/A;N/A;HINO;224;admin;NULL;NULL;NULL
225;TJZ-431;N/A;N/A;N/A;0;0;N/A;N/A;N/A;N/A;N/A;N/A;N/A;225;admin;NULL;NULL;NULL
226;STC-216;N/A;N/A;N/A;0;0;N/A;N/A;N/A;N/A;N/A;N/A;N/A;226;admin;NULL;NULL;NULL
227;WMP-549;J05ETY11489;9F3FC9JLTGXX10820;N/A;2016;0;N/A;N/A;N/A;N/A;N/A;N/A;N/A;227;admin;NULL;NULL;NULL
228;WMP-696;J05ETY11481;9F3FC9JLTGXX10812;N/A;2016;0;N/A;N/A;N/A;N/A;N/A;N/A;N/A;228;admin;NULL;NULL;NULL
229;WMP-442;JO5ETY11488;9F3FC9JLTGXXX10819;N/A;2016;0;N/A;N/A;N/A;N/A;N/A;N/A;N/A;229;admin;NULL;NULL;NULL
230;WMO-996;J05ETY11435;9F3C9JLGXX107772;N/A;2016;55;N/A;N/A;N/A;N/A;N/A;N/A;HINO;230;admin;NULL;NULL;NULL
231;WMP-552;J05ETY11493;9F3FC9JLTGXX10824;N/A;2016;55;N/A;N/A;N/A;N/A;N/A;N/A;HINO;231;admin;NULL;NULL;NULL
232;WMP-551;J05ETY11492;9F3FC9JLTGXX10823;N/A;2016;0;N/A;N/A;N/A;N/A;N/A;N/A;N/A;232;admin;NULL;NULL;NULL
233;WMP-553;J05ETY11597;9F3FC9JLTGXX10921;N/A;0;0;N/A;N/A;N/A;N/A;N/A;N/A;N/A;233;admin;NULL;NULL;NULL
234;WMP-560;J05ETY11599;9F3FC9JLTGXX10923;N/A;0;0;N/A;N/A;N/A;N/A;N/A;N/A;N/A;234;admin;NULL;NULL;NULL
235;WMP-002;J05ETY11463;9F3FC9JLTGXX10792;N/A;2016;55;N/A;N/A;N/A;N/A;N/A;N/A;HINO;235;admin;NULL;NULL;NULL
236;WMP-736;J05ETY11474;9F3FC9JLTGXX10805;N/A;2016;0;N/A;N/A;N/A;N/A;N/A;N/A;N/A;236;admin;NULL;NULL;NULL
237;WMO-999;J053TY11460;9F3FC9JLTGXX10795;N/A;2016;0;N/A;N/A;N/A;N/A;N/A;N/A;HINO;237;admin;NULL;NULL;NULL
238;WMP-695;J05ETY11478;9F3FC9JLTGXX10809;N/A;2016;0;N/A;N/A;N/A;N/A;N/A;N/A;N/A;238;admin;NULL;NULL;NULL
239;WMP-619;J05ETY11540;9F3FC8JLTGXX10870;BLANCO;2016;60;CERRADA;BUS;DIESEL;5123;10011553713;MEDELLIN;HINO;239;admin;NULL;NULL;NULL
240;WMP-763;J05ETY11530;9F3FC9JLTGXX10860;VERDE;2016;60;CERARDO;BUS;ACPM;5123;10011608050;MEDELLIN;HINO;240;admin;NULL;NULL;NULL
241;WMP-761;J05ETY11532;9F3FC9JLTGXX10862;BLANCO VERDE;2016;60;CERRADA;BUS;ACPM;5123;10011575329;MEDELLIN;HINO;241;admin;NULL;NULL;NULL
242;WMP-762;J05ETY11531;9F3FC9JLTGXX10861;BLANCO VERDE;2016;60;CERRADA;BUS;ACPM;5123;10011608246;MEDELLIN;HINO;242;admin;NULL;NULL;NULL
243;TTN-452;J05EUA10181;9F3FC9JKTEXX10090;ROJO;2014;37;CERRADA;BUS;ACPM;5123;1000638670;MEDELLIN;HINO;243;admin;NULL;NULL;NULL
244;WDY-375;J05EUA10296;9F3FC9JKTFXX10204;BLANCO;2015;37;CERRADA;BUS;ACPM;5123;1000812476;MEDELLIN;HINO;244;admin;NULL;NULL;NULL
245;TTN-345;J05EUA10182;9F3FC9JKTEXX10091;BLANCO VERDE;2014;37;CERRADA;BUS;ACPM;5123;1000636425;MEDELLIN;HINO;245;admin;NULL;NULL;NULL
246;TSZ-868;J05EUA10116;9F3FC9JKTDXX10025;ROJO;2013;55;CERRADA;BUS;ACPM;5123;1000510787;MEDELLIN;HINO;246;admin;NULL;NULL;NULL
247;TSZ-840;J05EUA10117;9F3FC9JKTDXX10026;ROJO;2013;37;CERRADA;BUS;DIESEL;5123;1000505762;MEDELLIN;HINO;247;admin;NULL;NULL;NULL
248;STC-215;N04CYV21230;9F3UCP0H0G3102333;BLANCO VERDE;2016;19;CERRADA;MICROBUS;DIESEL;4009;10011027490;ITAGUI;HINO;248;admin;NULL;NULL;NULL
249;WMP-559;J05CTE11465;9F3FC9JLTGXX10794;N/A;2016;0;N/A;N/A;N/A;N/A;N/A;N/A;HINO;249;admin;NULL;NULL;NULL
250;WMP-558;J05ETY11601;N/A;N/A;0;0;N/A;N/A;N/A;N/A;N/A;N/A;N/A;250;admin;NULL;NULL;NULL
251;WMP-693;J05ETY11480;N/A;N/A;2016;0;N/A;N/A;N/A;N/A;N/A;N/A;N/A;251;admin;NULL;NULL;NULL
252;WDZ-666;J05ETY11433;9F3FC9JLTXX10770;N/A;2016;60;CERRADA;BUS;DIESEL;5123;100117 47564;MEDELLIN;HINO;252;admin;NULL;NULL;NULL
253;WMP-778;J05ETY11483;N/A;N/A;0;0;N/A;N/A;N/A;N/A;N/A;N/A;N/A;253;admin;NULL;NULL;NULL
254;WMP-557;J05ETY11604;N/A;N/A;0;0;N/A;N/A;N/A;N/A;N/A;N/A;N/A;254;admin;NULL;NULL;NULL
255;WMP-777;J05ETY11484;N/A;N/A;0;0;N/A;N/A;N/A;N/A;N/A;N/A;N/A;255;admin;NULL;NULL;NULL
256;WMP-512;J05ETY11467;9F3FC9JLTGXX10800;N/A;2016;55;N/A;N/A;N/A;N/A;N/A;N/A;HINO;256;admin;NULL;NULL;NULL
257;WMP-692;J05ETY11475;N/A;N/A;2016;0;N/A;N/A;N/A;N/A;N/A;N/A;N/A;257;admin;NULL;NULL;NULL
258;WDY-963;J05EUA10481;9F3FC9JKTFXX10389;N/A;2015;37;CERRADA;BUS;ACPM;5123;1000885157;MEDELLIN;HINO;258;admin;NULL;NULL;NULL
259;WMP-776;J05ETY11485;N/A;N/A;2016;55;N/A;N/A;N/A;N/A;N/A;N/A;HINO;259;admin;NULL;NULL;NULL
260;WMP-735;J05ETY11477;N/A;N/A;2016;0;N/A;N/A;N/A;N/A;N/A;N/A;N/A;260;admin;NULL;NULL;NULL
261;TJZ-473;N/A;N/A;N/A;0;0;N/A;N/A;N/A;N/A;N/A;N/A;N/A;261;admin;NULL;NULL;NULL
262;TJZ-457;N/A;N/A;N/A;0;0;N/A;N/A;N/A;N/A;N/A;N/A;N/A;262;admin;NULL;NULL;NULL
263;TJZ-452;N/A;N/A;N/A;0;0;N/A;N/A;N/A;N/A;N/A;N/A;N/A;263;admin;NULL;NULL;NULL
264;STC-253;N04CUV22141;9F3UCP0H4G3102500;ROJO;2016;19;CERRADA;MICROBUS;DIESEL;4009;10011986319;ITAGUI;HINO;264;admin;NULL;NULL;NULL
265;TJZ-466;N/A;N/A;N/A;0;0;N/A;N/A;N/A;N/A;N/A;N/A;N/A;265;admin;NULL;NULL;NULL
266;TSH-665;J05CTF18447;JHDFC4JKU9XX10445;VERDE;2009;55;CERRADO;BUS;ACPM;5307;3221387;MEDELLIN;HINO;266;admin;NULL;NULL;NULL
267;TOP-986;ZD30272040K;JN1MG4E25Z0794766;BLANCO;2011;16;CERRADA;MICROBUS E;DIESEL;2953;10010450920;RIONEGRO;NISSAN;267;admin;NULL;NULL;NULL
268;WDZ-659;J05ETY10691;9F3FC9JLTFXX10355;BLANCO VERDE;2015;40;CERRADA;BUS;ACPM;5123;1000965550;MEDELLIN;HINO;268;admin;NULL;NULL;NULL
269;WDY-709;J05EUA10285;9F3FC9JKTFXX10193;ROJO;2015;37;CERRADA;BUS;ACPM;5123;1000854797;MEDELLIN;HINO;269;admin;NULL;NULL;NULL
270;WDZ-044;J05EUA10495;9F3FC9JKTFXX10403;ROJO;2015;37;CERRADA;BUS;ACPM;5123;1000894031;MEDELLIN;HINO;270;admin;NULL;NULL;NULL
271;WMP-764;J5ETY11529;9F3FC9JLTGXX10859;BLANCO VERDE;2016;60;CERRADA;BUS;ACPM;5123;10011571771;MEDELLIN;HINO;271;admin;NULL;NULL;NULL
272;WMQ-144;J05ETY10683;9F3FC9JLTFXX10350;BLANC AZUL ROJO;2015;55;N/A;N/A;ACPM;5123;1001252394;MEDELLIN;HINO;272;admin;NULL;NULL;NULL
273;WMQ-241;J05ETY11490;9F3FC9JLTGXX10821;BLANCO;2016;60;CERRADA;BUS;ACPM;5123;10012379387;MEDELLIN;HINO;273;admin;NULL;NULL;NULL
274;TPZ-782;B10S1786985KA2;9GAMM61048B013402;AMARILLO;2008;4;SEDAN;TAXI;GASO;1000;1000335318;MEDELLIN;CHEVROLET;274;admin;NULL;NULL;NULL
275;WMQ-667;J05ETY12186;9F3FC9JLTHXX11338;BLANCO VERDE;2017;61;CERRADA;BUS;ACPM;5123;10012838912;MEDELLIN;HINO;275;admin;NULL;NULL;NULL
276;STC-271;N/A;N/A;N/A;0;0;N/A;N/A;N/A;N/A;N/A;N/A;N/A;276;admin;NULL;NULL;NULL
277;STC-266;N/A;N/A;N/A;0;0;N/A;N/A;N/A;N/A;N/A;N/A;N/A;277;admin;NULL;NULL;NULL
278;STC-273;N/A;N/A;N/A;0;0;N/A;N/A;N/A;N/A;N/A;N/A;N/A;278;admin;NULL;NULL;NULL
279;STC-268;N/A;N/A;N/A;0;0;N/A;N/A;N/A;N/A;N/A;N/A;N/A;279;admin;NULL;NULL;NULL
280;STC-245;N/A;N/A;N/A;0;0;N/A;N/A;N/A;N/A;N/A;N/A;N/A;280;admin;NULL;NULL;NULL
281;STB-229;N/A;N/A;N/A;0;0;N/A;N/A;N/A;N/A;N/A;N/A;N/A;281;admin;NULL;NULL;NULL
282;STC-246;N/A;N/A;N/A;0;0;N/A;N/A;N/A;N/A;N/A;N/A;N/A;282;admin;NULL;NULL;NULL
283;STC-236;N/A;N/A;N/A;0;0;N/A;N/A;N/A;N/A;N/A;N/A;N/A;283;admin;NULL;NULL;NULL
284;STC-237;N/A;N/A;N/A;0;0;N/A;N/A;N/A;N/A;N/A;N/A;N/A;284;admin;NULL;NULL;NULL
285;STC-238;N/A;N/A;N/A;0;0;N/A;N/A;N/A;N/A;N/A;N/A;N/A;285;admin;NULL;NULL;NULL
286;STB-244;N/A;N/A;N/A;0;0;N/A;N/A;N/A;N/A;N/A;N/A;N/A;286;admin;NULL;NULL;NULL
287;STB-249;N/A;N/A;N/A;0;0;N/A;N/A;N/A;N/A;N/A;N/A;N/A;287;admin;NULL;NULL;NULL
288;STB-260;N/A;N/A;N/A;0;0;N/A;N/A;N/A;N/A;N/A;N/A;N/A;288;admin;NULL;NULL;NULL
289;STB-339;N/A;N/A;N/A;0;0;N/A;N/A;N/A;N/A;N/A;N/A;N/A;289;admin;NULL;NULL;NULL
290;STB-344;N/A;N/A;N/A;0;0;N/A;N/A;N/A;N/A;N/A;N/A;N/A;290;admin;NULL;NULL;NULL
291;STC-232;N/A;N/A;N/A;0;0;N/A;N/A;N/A;N/A;N/A;N/A;N/A;291;admin;NULL;NULL;NULL
292;STB-354;N/A;N/A;N/A;0;0;N/A;N/A;N/A;N/A;N/A;N/A;N/A;292;admin;NULL;NULL;NULL
293;STC-239;N/A;N/A;N/A;0;0;N/A;N/A;N/A;N/A;N/A;N/A;N/A;293;admin;NULL;NULL;NULL
294;STC-231;N/A;N/A;N/A;0;0;N/A;N/A;N/A;N/A;N/A;N/A;N/A;294;admin;NULL;NULL;NULL
295;STC-230;N/A;N/A;N/A;0;0;N/A;N/A;N/A;N/A;N/A;N/A;N/A;295;admin;NULL;NULL;NULL
296;STC-243;N/A;N/A;N/A;0;0;N/A;N/A;N/A;N/A;N/A;N/A;N/A;296;admin;NULL;NULL;NULL
297;STB-587;N/A;N/A;N/A;0;0;N/A;N/A;N/A;N/A;N/A;N/A;N/A;297;admin;NULL;NULL;NULL
298;STB-616;N/A;N/A;N/A;0;0;N/A;N/A;N/A;N/A;N/A;N/A;N/A;298;admin;NULL;NULL;NULL
299;STC-244;N/A;N/A;N/A;0;0;N/A;N/A;N/A;N/A;N/A;N/A;N/A;299;admin;NULL;NULL;NULL
300;WMP-613;N/A;N/A;N/A;0;0;N/A;N/A;N/A;N/A;N/A;N/A;N/A;300;admin;NULL;NULL;NULL
301;WMP-617;N/A;N/A;N/A;0;0;N/A;N/A;N/A;N/A;N/A;N/A;N/A;301;admin;NULL;NULL;NULL
302;WMP-618;N/A;N/A;N/A;0;0;N/A;N/A;N/A;N/A;N/A;N/A;N/A;302;admin;NULL;NULL;NULL
303;WMP-615;N/A;N/A;N/A;0;0;N/A;N/A;N/A;N/A;N/A;N/A;N/A;303;admin;NULL;NULL;NULL
304;WMP-616;N/A;N/A;N/A;0;0;N/A;N/A;N/A;N/A;N/A;N/A;N/A;304;admin;NULL;NULL;NULL
305;WMQ-668;J05ETY12253;9F3FC9JLTHXX11381;BLANCO VERDE;2017;61;CERRADA;BUS;DIESEL;5123;10012886048;MEDELLIIN;HINO;305;admin;NULL;NULL;NULL
306;WMQ-669;J05ETY12215;9F3FC9JLTHXX11355;BLANCO VERDE;2017;61;CERRADA;BUS;ACPM;5123;10012838803;MEDELLIN;HINO;306;admin;NULL;NULL;NULL
307;WMQ-753;SQRE4G16AFGE725;LVVDB11B7HD010732;AMARILLO;2017;5;HATCH BACK;TAXI;GAS;1598;10012989876;MEDELLIN;CHERY;307;admin;NULL;NULL;NULL
308;WDX-978;J05EUA10226;9F3FC9JKTEXX10134;VERDE;2014;55;CERRADA;BUS;ACPM;5123;1000770883;MEDELLIN;HINO;308;admin;NULL;NULL;NULL
309;WMQ-571;J05ETY12183;9F3FC9JLTHXX11335;BLANCO VERDE;2017;61;CERRADA;BUS;DIESEL;5123;10012839036;MEDELLIN;HINO;309;admin;NULL;NULL;NULL
310;WDZ-085;J05ETY10636;9F3FC9JLTFXX10311;ROJO;2015;40;CERRADA;BUS;ACPM;5123;1000901415;MEDELLIN;HINO;310;admin;NULL;NULL;NULL
311;WDY-372;J05EUA10286;9F3FC9JKTFXX10194;ROJO;2015;37;CERRADA;BUS;ACPM;5123;1000812492;MEDELLIN;HINO;311;admin;NULL;NULL;NULL
312;WDY-519;J05ETY10371;9F3FC9JLTFXX10082;ROJO;2015;40;CERRADA;BUS;ACPM;5123;1000837627;MEDELLIN;HINO;312;admin;NULL;NULL;NULL
313;WDY-491;J05EUA10298;9F3FC9JKTFXX10206;ROJO;2015;37;CERRADA;BUS;ACPM;5123;1000815127;MEDELLIN;HINO;313;admin;NULL;NULL;NULL
314;WDW-934;J05EUA10212;9F3FC9JKTEXX10121;ROJO;2014;37;CERRADA;BUS;ACPM;5123;1000665851;MEDELLIN;HINO;314;admin;NULL;NULL;NULL
315;WDY-552;J05ETY10366;9F3FC9JLTFXX10077;ROJO;2015;40;CERRADA;BUS;ACPM;5123;1000836476;MEDELLIN;HINO;315;admin;NULL;NULL;NULL
316;WDY-498;J05EUA10297;9F3FC9JKTFXX10205;ROJO;2015;55;CERRADA;BUS;ACPM;5123;1000825449;MEDELLIN;HINO;316;admin;NULL;NULL;NULL
317;WDY-890;J05EUA10486;9F3FC9JKTFXX10394;ROJO;2015;37;CERRADA;BUS;ACPM;5123;1000882363;MEDELLIN;HINO;317;admin;NULL;NULL;NULL
318;WDZ-175;J05ETY10641;9F3FC9JLTFXX10316;ROJO;2015;60;CERRADA;BUS;ACPM;5123;1000918849;MEDELLIN;HINO;318;admin;NULL;NULL;NULL
319;WDZ-176;J05ETY10645;9F3FC9JLTFXX10317;ROJO;2015;60;CERRADA;BUS;ACPM;5123;1000918885;MEDELLIN;HINO;319;admin;NULL;NULL;NULL
320;WMP-740;J05ETY11476;9F3FC9JLTGXX10807;BLANCO;2016;60;CERRADA;BUS;DIESEL;5123;N/A;N/A;HINO;320;admin;NULL;NULL;NULL
321;WMQ-143;J05ETY11538;9F3FC9JLTGXX10868;BLANCO;2016;60;CERRADA;BUS;DIESEL;5123;N/A;N/A;HINO;321;admin;NULL;NULL;NULL
322;WMP-554;J05ETY11598;9F3FC9JLTGXX10922;BLANCO;2016;60;CERRADA;BUS;DIESEL;5123;N/A;N/A;HINO;322;admin;NULL;NULL;NULL
323;WMP-555;J05ETY11600;9F3FC9JLTGXX10924;BLANCO;2016;60;CERRADA;BUS;DIESEL;5123;N/A;N/A;HINO;323;admin;NULL;NULL;NULL
324;WMP-556;J05ETY11603;9F3FC9JLTGXX10925;BLANCO;2016;60;CERRADA;BUS;DIESEL;5123;N/A;N/A;HINO;324;admin;NULL;NULL;NULL
325;STC-240;J05ETY10988;9F3FC9JLTGXX10497;BLANCO;2016;60;CERRADA;BUS;DIESEL;5123;N/A;N/A;HINO;325;admin;NULL;NULL;NULL
326;STC-281;J05ETY11537;9F3FC9JLTGXX10867;BLANCO;2016;60;CERRADA;BUS;DIESEL;5123;N/A;N/A;HINO;326;admin;NULL;NULL;NULL
327;STC-241;J05ETY11539;9F3FC9JLTGXX10869;BLANCO;2016;60;CERRADA;BUS;DIESEL;5123;N/A;N/A;HINO;327;admin;NULL;NULL;NULL
328;STC-303;J05ETY11562;9F3FC9JLTGXX10892;BLANCO;2016;60;CERRADA;BUS;DIESEL;5123;N/A;N/A;HINO;328;admin;NULL;NULL;NULL
329;STC-263;J05ETY11563;9F3FC9JLTGXX10893;BLANCO;2016;60;CERRADA;BUS;DIESEL;5123;N/A;N/A;HINO;329;admin;NULL;NULL;NULL
330;STC-251;J05ETY11564;9F3FC9JLTGXX10894;BLANCO;2016;60;CERRADA;BUS;DIESEL;5123;N/A;N/A;HINO;330;admin;NULL;NULL;NULL
331;STC-233;J05ETY11565;9F3FC9JLTGXX10895;BLANCO;2016;60;CERRADA;BUS;DIESEL;5123;N/A;N/A;HINO;331;admin;NULL;NULL;NULL
332;STC-249;J05ETY11566;9F3FC9JLTGXX10896;BLANCO;2016;60;CERRADA;BUS;DIESEL;5123;N/A;N/A;HINO;332;admin;NULL;NULL;NULL
333;STC-235;J05ETY11567;9F3FC9JLTGXX10897;BLANCO;2016;60;CERRADA;BUS;DIESEL;5123;N/A;N/A;HINO;333;admin;NULL;NULL;NULL
334;STC-234;J05ETY11568;9F3FC9JLTGXX10898;BLANCO;2016;60;CERRADA;BUS;DIESEL;5123;N/A;N/A;HINO;334;admin;NULL;NULL;NULL
335;STC-259;J05ETY11569;9F3FC9JLTGXX10899;BLANCO;2016;60;CERRADA;BUS;DIESEL;5123;N/A;N/A;HINO;335;admin;NULL;NULL;NULL
336;STC-256;J05ETY11570;9F3FC9JLTGXX10900;BLANCO;2016;60;CERRADA;BUS;DIESEL;5123;N/A;N/A;HINO;336;admin;NULL;NULL;NULL
337;STC-284;J05ETY11571;9F3FC9JLTGXX10901;BLANCO;2016;60;CERRADA;BUS;DIESEL;5123;N/A;N/A;HINO;337;admin;NULL;NULL;NULL
338;STC-269;J05ETY11572;9F3FC9JLTGXX10902;BLANCO;2016;60;CERRADA;BUS;DIESEL;5123;N/A;N/A;HINO;338;admin;NULL;NULL;NULL
339;STC-301;J05ETY11573;9F3FC9JLTGXX10903;BLANCO;2016;60;CERRADA;BUS;DIESEL;5123;N/A;N/A;HINO;339;admin;NULL;NULL;NULL
340;STC-292;J05ETY11574;9F3FC9JLTGXX10904;BLANCO;2016;60;CERRADA;BUS;DIESEL;5123;N/A;N/A;HINO;340;admin;NULL;NULL;NULL
341;STC-293;J05ETY11583;9F3FC9JLTGXX10905;BLANCO;2016;60;CERRADA;BUS;DIESEL;5123;N/A;N/A;HINO;341;admin;NULL;NULL;NULL
342;STC-282;J05ETY12163;9F3FC9JLTHXX11321;BLANCO;2017;60;CERRADA;BUS;DIESEL;5123;N/A;N/A;HINO;342;admin;NULL;NULL;NULL
343;TJZ-480;J05ETY11494;9F3FC9JLTGXX10825;BLANCO;2016;60;CERRADA;BUS;DIESEL;5123;N/A;N/A;HINO;343;admin;NULL;NULL;NULL
344;TJZ-507;J05ETY11495;9F3FC9JLTGXX10826;BLANCO;2016;60;CERRADA;BUS;DIESEL;5123;N/A;N/A;HINO;344;admin;NULL;NULL;NULL
345;TJZ-479;J05ETY11497;9F3FC9JLTGXX10827;BLANCO;2016;60;CERRADA;BUS;DIESEL;5123;N/A;N/A;HINO;345;admin;NULL;NULL;NULL
346;TJZ-508;J05ETY11498;9F3FC9JLTGXX10828;BLANCO;2016;60;CERRADA;BUS;DIESEL;5123;N/A;N/A;HINO;346;admin;NULL;NULL;NULL
347;TJZ-478;J05ETY11499;9F3FC9JLTGXX10829;BLANCO;2016;60;CERRADA;BUS;DIESEL;5123;N/A;N/A;HINO;347;admin;NULL;NULL;NULL
348;TJZ-477;J05ETY11500;9F3FC9JLTGXX10830;BLANCO;2016;60;CERRADA;BUS;DIESEL;5123;N/A;N/A;HINO;348;admin;NULL;NULL;NULL
349;TJZ-465;J05ETY11502;9F3FC9JLTGXX10832;BLANCO;2016;60;CERRADA;BUS;DIESEL;5123;N/A;N/A;HINO;349;admin;NULL;NULL;NULL
350;TJZ-464;J05ETY11503;9F3FC9JLTGXX10833;BLANCO;2016;60;CERRADA;BUS;DIESEL;5123;N/A;N/A;HINO;350;admin;NULL;NULL;NULL
351;TJZ-463;J05ETY11504;9F3FC9JLTGXX10834;BLANCO;2016;60;CERRADA;BUS;DIESEL;5123;N/A;N/A;HINO;351;admin;NULL;NULL;NULL
352;TJZ-462;J05ETY11505;9F3FC9JLTGXX10835;BLANCO;2016;60;CERRADA;BUS;DIESEL;5123;N/A;N/A;HINO;352;admin;NULL;NULL;NULL
353;TJZ-461;J05ETY11506;9F3FC9JLTGXX10836;BLANCO;2016;60;CERRADA;BUS;DIESEL;5123;N/A;N/A;HINO;353;admin;NULL;NULL;NULL
354;TJZ-460;J05ETY11507;9F3FC9JLTGXX10837;BLANCO;2016;60;CERRADA;BUS;DIESEL;5123;N/A;N/A;HINO;354;admin;NULL;NULL;NULL
355;TJZ-459;J05ETY11508;9F3FC9JLTGXX10838;BLANCO;2016;60;CERRADA;BUS;DIESEL;5123;N/A;N/A;HINO;355;admin;NULL;NULL;NULL
356;TJZ-458;J05ETY11509;9F3FC9JLTGXX10839;BLANCO;2016;60;CERRADA;BUS;DIESEL;5123;N/A;N/A;HINO;356;admin;NULL;NULL;NULL
357;TJZ-456;J05ETY11511;9F3FC9JLTGXX10841;BLANCO;2016;60;CERRADA;BUS;DIESEL;5123;N/A;N/A;HINO;357;admin;NULL;NULL;NULL
358;TJZ-455;J05ETY11512;9F3FC9JLTGXX10842;BLANCO;2016;60;CERRADA;BUS;DIESEL;5123;N/A;N/A;HINO;358;admin;NULL;NULL;NULL
359;TJZ-454;J05ETY11513;9F3FC9JLTGXX10843;BLANCO;2016;60;CERRADA;BUS;DIESEL;5123;N/A;N/A;HINO;359;admin;NULL;NULL;NULL
360;TJZ-453;J05ETY11514;9F3FC9JLTGXX10844;BLANCO;2016;60;CERRADA;BUS;DIESEL;5123;N/A;N/A;HINO;360;admin;NULL;NULL;NULL
361;TJZ-444;J05ETY11516;9F3FC9JLTGXX10846;BLANCO;2016;60;CERRADA;BUS;DIESEL;5123;N/A;N/A;HINO;361;admin;NULL;NULL;NULL
362;TJZ-430;J05ETY11517;9F3FC9JLTGXX10847;BLANCO;2016;60;CERRADA;BUS;DIESEL;5123;N/A;N/A;HINO;362;admin;NULL;NULL;NULL
363;TJZ-441;J05ETY11518;9F3FC9JLTGXX10848;BLANCO;2016;60;CERRADA;BUS;DIESEL;5123;N/A;N/A;HINO;363;admin;NULL;NULL;NULL
364;TJZ-442;J05ETY11519;9F3FC9JLTGXX10849;BLANCO;2016;60;CERRADA;BUS;DIESEL;5123;N/A;N/A;HINO;364;admin;NULL;NULL;NULL
365;TJZ-443;J05ETY11520;9F3FC9JLTGXX10850;BLANCO;2016;60;CERRADA;BUS;DIESEL;5123;N/A;N/A;HINO;365;admin;NULL;NULL;NULL
366;TJZ-427;J05ETY11523;9F3FC9JLTGXX10851;BLANCO;2016;60;CERRADA;BUS;DIESEL;5123;N/A;N/A;HINO;366;admin;NULL;NULL;NULL
367;TJZ-440;J05ETY11524;9F3FC9JLTGXX10852;BLANCO;2016;60;CERRADA;BUS;DIESEL;5123;N/A;N/A;HINO;367;admin;NULL;NULL;NULL
368;TJZ-448;J05ETY11521;9F3FC9JLTGXX10853;BLANCO;2016;60;CERRADA;BUS;DIESEL;5123;N/A;N/A;HINO;368;admin;NULL;NULL;NULL
369;TJZ-504;J05ETY11522;9F3FC9JLTGXX10854;BLANCO;2016;60;CERRADA;BUS;DIESEL;5123;N/A;N/A;HINO;369;admin;NULL;NULL;NULL
370;TJZ-476;J05ETY11533;9F3FC9JLTGXX10863;BLANCO;2016;60;CERRADA;BUS;DIESEL;5123;N/A;N/A;HINO;370;admin;NULL;NULL;NULL
371;TJZ-475;J05ETY11534;9F3FC9JLTGXX10864;BLANCO;2016;60;CERRADA;BUS;DIESEL;5123;N/A;N/A;HINO;371;admin;NULL;NULL;NULL
372;TJZ-474;J05ETY11535;9F3FC9JLTGXX10865;BLANCO;2016;60;CERRADA;BUS;DIESEL;5123;N/A;N/A;HINO;372;admin;NULL;NULL;NULL
373;TJZ-472;J05ETY11602;9F3FC9JLTGXX10928;BLANCO;2016;60;CERRADA;BUS;DIESEL;5123;N/A;N/A;HINO;373;admin;NULL;NULL;NULL
374;TJZ-506;J05ETY11605;9F3FC9JLTGXX10929;BLANCO;2016;60;CERRADA;BUS;DIESEL;5123;N/A;N/A;HINO;374;admin;NULL;NULL;NULL
375;TJZ-505;J05ETY11606;9F3FC9JLTGXX10930;BLANCO;2016;60;CERRADA;BUS;DIESEL;5123;N/A;N/A;HINO;375;admin;NULL;NULL;NULL
376;STC-278;J05ETY11561;9F3FC9JLTGXX10891;BLANCO;2016;60;CERRADA;BUS;DIESEL;5123;N/A;N/A;HINO;376;admin;NULL;NULL;NULL
377;TEK-830;ZD30311978K;JN1MG4E25Z0797622;BLANCO;2013;16;CERRADA;MICROBUS E;DIESEL;2953;10010414233;ENVIGADO;NISSAN;377;admin;NULL;NULL;NULL
378;SNP-589;ZD30246848K;JN1MG4E25Z0793470;BLANCO;2011;14;CERRADA;MICROBUS E;DIESEL;3000;10012797258;SABANETA;NISSAN;378;admin;NULL;NULL;NULL
379;WMQ-900;J05ETY12154;9F3FC9JLTHXX11312;BLANCO VERDE;2017;61;CERRADA;BUS;ACPM;5123;10013451273;MEDELLIN;HINO;379;admin;NULL;NULL;NULL
380;SNO-296;ZD30110507K;JN1MG4E25Z0727032;BLANCO;2007;14;CERRADA;MICROBUS E;ACPM;2953;10000600183;SABANETA;NISSAN;380;admin;NULL;NULL;NULL
381;STC-343;N04CUV21892;9F3UCP0H6G3102448;BLANCO VERDE;2016;19;CERRADA;MICROBUS;DIESEL;4009;10013767336;ITAGUI;HINO;381;admin;NULL;NULL;NULL
382;WCO-375;YD25327256A;JN1MC2E26Z0000808;BLANCO;2014;16;CERRADA;MICROBUS E;DIESEL;2488;10006445875;ENVIGADO;NISSAN;382;admin;NULL;NULL;NULL
383;STB-649;378448;9GCNMR854FB003917;BLANCO VERDE;2015;19;CERRADA;BUS;DIESEL;2999;10008613266;ITAGUI;CHEVROLET;383;admin;NULL;NULL;NULL
384;TKB-040;742594;9GCNPR710AB177515;AMARILLO Y VERD;2010;51;CERRADA;BUS;DIESEL;4570;10012421757;ITAGUI;CHEVROLET;384;admin;NULL;NULL;NULL
385;TLB-431;756632;9GCNPR713AB195863;VERDE AMARILLO;2010;51;CERRADA;BUS;DIESEL;4600;10004592550;ITAGUI;CHEVROLET;385;admin;NULL;NULL;NULL
386;STC-250;N04CUV21762;9F3UCP0H5G3102425;ROJO;2016;19;CERRADA;MICROBUS;DIESEL;4009;10011826663;ITAGUI;HINO;386;admin;NULL;NULL;NULL
387;STC-272;N04CUV21768;9F3UCP0H7G3102426;ROJO;2016;19;CERRADA;MICROBUS;DIESEL;4009;10012441197;ITAGUI;HINO;387;admin;NULL;NULL;NULL
388;SNL-642;J2414612;KNHTR731267198075;BLANCO;2006;16;CERRADA;MICROBUS E;DIESEL;2700;10002933989;SABANETA;KIA;388;admin;NULL;NULL;NULL
389;SNL-862;TD27004167A;KNHTS732257184877;BLANCO;2005;16;CERRADA;MICROBUS E;DIESEL;2700;10008725459;SABANETA;KIA;389;admin;NULL;NULL;NULL
390;SNR-090;ZD30185500K;9F9ALFTKOCN002493;BLANCO;2012;19;CERRADA;MICROBUS E;DIESEL;2953;10009491803;SABANETA;NON PLUS ULTRA;390;admin;NULL;NULL;NULL
391;EQW-872;M9TC678C025163;93YMAF4CEHJ371453;BLANCO;2017;19;CERRADA;MICROBUS E;DIESEL;2299;10013894381;SABANETA;RENAULT;391;admin;NULL;NULL;NULL
392;STB-072;768896;9GCNR715AB210086;AMARILLO ROJO VERDE;2010;46;CERRADA;MICROBUS;DIESEL;4570;10013826025;ITAGUI;CHEVROLET;392;admin;NULL;NULL;NULL
393;STC-361;JO5ETY12596;9F3FC9JLTJXX11613;BLANCO;2018;60;CERRADA;BUS;DIESEL;5123;N/A;N/A;HINO;393;admin;NULL;NULL;NULL
394;STC-378;JO5ETY12677;9F3FC9JLTJXX11670;BLANCO;2018;60;CERRADA;BUS;DIESEL;5123;N/A;N/A;HINO;394;admin;NULL;NULL;NULL
395;STC-369;JO5ETY12633;9F3FC9JLTJXX11639;BLANCO;2018;60;CERRADA;BUS;DIESEL;5123;N/A;N/A;HINO;395;admin;NULL;NULL;NULL
396;STC-381;JO5ETY12674;9F3FC9JLTJXX11667;BLANCO;2018;60;CERRADA;BUS;DIESEL;5123;N/A;N/A;HINO;396;admin;NULL;NULL;NULL
397;STC-375;JO5ETY12619;9F3FC9JLTJXX11630;BLANCO;2018;60;CERRADA;BUS;DIESEL;5123;N/A;N/A;HINO;397;admin;NULL;NULL;NULL
398;STC-368;JO5ETY12632;9F3FC9JLTJXX11636;BLANCO;2018;60;CERRADA;BUS;DIESEL;5123;N/A;N/A;HINO;398;admin;NULL;NULL;NULL
399;STC-374;JO5ETY12630;9F3FC9JLTJXX11635;BLANCO;2018;60;CERRADA;BUS;DIESEL;5123;N/A;N/A;HINO;399;admin;NULL;NULL;NULL
400;STC-372;JO5ETY12668;9F3FC9JLTJXX11661;BLANCO;2018;60;CERRADA;BUS;DIESEL;5123;N/A;N/A;HINO;400;admin;NULL;NULL;NULL
401;STC-377;JO5ETY12678;9F3FC9JLTJXX11671;BLANCO;2018;60;CERRADA;BUS;DIESEL;5123;N/A;N/A;HINO;401;admin;NULL;NULL;NULL
402;STC-373;JO5ETY12647;9F3FC9JLTJXX11644;BLANCO;2018;60;CERRADA;BUS;DIESEL;5123;N/A;N/A;HINO;402;admin;NULL;NULL;NULL
403;SKR-605;695152;9GCNPR7119B129565;BLANCO;2009;0;N/A;N/A;N/A;N/A;N/A;N/A;CHEVROLET;403;admin;NULL;NULL;NULL
404;SWX-009;799924;9GCNPR717BB001224;BLANCO;2011;0;N/A;N/A;N/A;N/A;N/A;N/A;CHEVROLET;404;admin;NULL;NULL;NULL
405;TRE-004;102785;9GCNKR55E4B124301;BLANCO;2004;0;N/A;N/A;N/A;N/A;N/A;N/A;CHEVROLET;405;admin;NULL;NULL;NULL
406;TPV-040;314781;9GCNPR7126B007714;BLANCO;2006;0;N/A;N/A;N/A;N/A;N/A;N/A;CHEVROLET;406;admin;NULL;NULL;NULL
407;SWX-134;N04CUV15179;9F3UCP0H2E3100628;BLANCO;2014;0;N/A;N/A;N/A;N/A;N/A;N/A;HINO;407;admin;NULL;NULL;NULL
408;SWX-145;N04CUV15340;9F3UCP0H9E3100660;BLANCO;2014;0;N/A;N/A;N/A;N/A;N/A;N/A;HINO;408;admin;NULL;NULL;NULL
409;TSK-958;794222;9GNCPR719BB000236;N/A;2011;0;N/A;N/A;N/A;N/A;N/A;N/A;CHEVROLET;409;admin;NULL;NULL;NULL
410;TTM-466;4HK1085949;9GCNPR750E009012;N/A;2014;0;N/A;N/A;N/A;N/A;N/A;N/A;CHEVROLET;410;admin;NULL;NULL;NULL
411;EQW-953;M9TC678C025212;93YMAF4CEHJ371412;BLANCO;2017;19;CERRADA;MICROBUS E;DIESEL;2298;10014212812;SABANETA;RENAULT;411;admin;NULL;NULL;NULL
412;STC-389;N04CUV24549;9F3UCP0H3H3102814;BLANCO VERDE;2017;19;CERRADA;MICROBUS;DIESEL;4009;10014326087;ITAGUI;HINO;412;admin;NULL;NULL;NULL
413;WMP-694;J05ETY11479;9F3FC9JLTGXX10810;BLANCO;2016;60;CERRADA;BUS;DIESEL;5123;N/A;N/A;HINO;413;admin;NULL;NULL;NULL
414;STC-305;J05ETY11584;9F3FC9JLTGXX10906;BLANCO;2016;60;CERRADA;BUS;DIESEL;5123;N/A;N/A;HINO;414;admin;NULL;NULL;NULL
415;STC-379;J05ETY12622;9F3FC9JLTJXX11633;BLANCO;2018;55;CERRADA;BUS;DIESEL;5123;N/A;N/A;HINO;415;admin;NULL;NULL;NULL
416;STC-382;J05ETY12656;9F3FC9JLTJXX11655;BLANCO;2018;55;CERRADA;BUS;DIESEL;5123;N/A;N/A;HINO;416;admin;NULL;NULL;NULL
417;STC-388;J05ETY12651;9F3FC9JLTJXX11650;BLANCO;2018;55;CERRADA;BUS;DIESEL;5123;N/A;N/A;HINO;417;admin;NULL;NULL;NULL
418;STC-238;J05ETY11393;9F3FC9JLTGXX10742;BLANCO;2016;60;N/A;BUS;DIESEL;5123;N/A;N/A;HINO;418;admin;NULL;NULL;NULL
419;WMP-614;J05ETY11525;9F3FC9JLTGXX10855;BLANCO;2016;60;N/A;BUS;DIESEL;5123;N/A;N/A;HINO;419;admin;NULL;NULL;NULL
420;WMP-669;J05ETY10891;9F3FC9JLTGXX10448;BLANCO;2016;60;N/A;BUS;ACPM;5123;N/A;N/A;HINO;420;admin;NULL;NULL;NULL
421;TKI-132;1813931;9F3FC9JLTGXX10907;BLANCO;2007;19;N/A;BUS;DIESEL;2500;N/A;N/A;DAIHATSU;421;admin;NULL;NULL;NULL
422;STC-413;J05ETY11585;9FPV128B075000388;BLANCO;2016;60;N/A;MICRO;DIESEL;5123;N/A;N/A;HINO;422;admin;NULL;NULL;NULL
423;FWK-362;A812UF55265;9FB4SREB4LM101322;BLANCO;2020;5; ESC. SIN;AUTOMOVIL;GASO;1598;10020199734;MEDELLIN;RENAULT;423;admin;NULL;NULL;NULL
424;STC-413;J05ETY12684;9F3FC9JLTJXX11677;BLANCO;2018;55;CERRADA;BUS;DIESEL;5123;N/A;N/A;HINO;424;admin;NULL;NULL;NULL
425;STC-417;J05ETY12654;9F3FC9JLTJXX11677;BLANCO;2018;55;CERRADA;BUS;DIESEL;5123;N/A;N/A;HINO;425;admin;NULL;NULL;NULL
426;TKH-469;961492;9GCNKR55E4B420909;VERDE BLANCO;2004;19;CERRADA;MICRO;DIESEL;2771;N/A;N/A;CHEVROLET;426;admin;NULL;NULL;NULL
427;STC-418;J05ETY12669;9F3FC9JLTJXX11662;BLANCO;2018;55;CERRADA;BUS;DIESEL;5123;N/A;N/A;HINO;427;admin;NULL;NULL;NULL
428;STC-423;J05ETY12648;9F3FC9JLTJXX11647;BLANCO;2018;55;CERRADA;BUS;DIESEL;5123;N/A;N/A;HINO;428;admin;NULL;NULL;NULL
429;STC-409;J05ETY12768;9F3FC9JLTJXX11743;BLANCO;2018;55;CERRADA;BUS;DIESEL;5123;N/A;N/A;HINO;429;admin;NULL;NULL;NULL
430;STC-401;J05ETY12753;9F3FC9JLTJXX11728;BLANCO;2018;55;CERRADA;BUS;DIESEL;5123;N/A;N/A;HINO;430;admin;NULL;NULL;NULL
431;STC-410;J05ETY127709;F3FC9JLTJXX11745;BLANCO;2018;55;CERRADA;BUS;DIESEL;5123;N/A;N/A;HINO;431;admin;NULL;NULL;NULL
432;STC-407;J05ETY12771;9F3FC9JLTJXX11746;BLANCO;2018;55;CERRADA;BUS;DIESEL;5123;N/A;N/A;HINO;432;admin;NULL;NULL;NULL
433;STC-408;J05ETY12763;9F3FC9JLTJXX11738;BLANCO;2018;55;CERRADA;BUS;DIESEL;5123;N/A;N/A;HINO;433;admin;NULL;NULL;NULL
434;STC-412;J05ETY12762;9F3FC9JLTJXX11737;BLANCO;2018;55;CERRADA;BUS;DIESEL;5123;N/A;N/A;HINO;434;admin;NULL;NULL;NULL
435;STC-405;J05ETY12754;9F3FC9JLTJXX11729;BLANCO;2018;55;CERRADA;BUS;DIESEL;5123;N/A;N/A;HINO;435;admin;NULL;NULL;NULL
436;STC-433;J05ETY11558;9F3FC9JLTGXX10888;BLANCO;2016;55;CERRADA;BUS;DIESEL;5123;N/A;N/A;HINO;436;admin;NULL;NULL;NULL
437;STC-394;J05ETY12755;9F3FC9JLTJXX11730;BLANCO;2018;55;CERRADA;BUS;DIESEL;5123;N/A;N/A;HINO;437;admin;NULL;NULL;NULL
438;STC-431;J05ETY12666;9F3FC9JLTJXX11659;BLANCO;2018;55;CERRADA;BUS;DIESEL;5123;N/A;N/A;HINO;438;admin;NULL;NULL;NULL
439;STC-400;J05ETY12709;9F3FC9JLTJXX11696;BLANCO;2018;55;CERRADA;BUS;DIESEL;5123;N/A;N/A;HINO;439;admin;NULL;NULL;NULL
440;STC-396;J05ETY12761;9F3FC9JLTJXX11736;BLANCO;2018;55;CERRADA;BUS;DIESEL;5123;N/A;N/A;HINO;440;admin;NULL;NULL;NULL
441;STC-434;J05ETY11554;9F3FC9JLTGXX10884;BLANCO;2016;60;CERRADA;BUS;DIESEL;5123;N/A;N/A;HINO;441;admin;NULL;NULL;NULL
442;STA-974;794558;9GCNPR717BB000252;BLANCO;2011;19;CERRADA;MICRO;DIESEL;4570;N/A;N/A;CHEVROLET;442;admin;NULL;NULL;NULL
443;TLB-407;751002;9GCNPR718AB190951;BLANCO;2010;19;CERRADA;MICRO;DIESEL;4570;N/A;N/A;CHEVROLET;443;admin;NULL;NULL;NULL
444;STC-406;J05ETY12769;9F3FC9JLTJXX11744;BLANCO;2018;55;CERRADA;BUS;DIESEL;5123;N/A;N/A;HINO;444;admin;NULL;NULL;NULL
445;STC-411;J05ETY12765;9F3FC9JLTJXX11740;BLANCO;2018;55;CERRADA;BUS;DIESEL;5123;N/A;N/A;HINO;445;admin;NULL;NULL;NULL
446;STC-393;J05ETY12758;9F3FC9JLTJXX11733;BLANCO;2018;55;CERRADA;BUS;DIESEL;5123;N/A;N/A;HINO;446;admin;NULL;NULL;NULL
447;STC-397;J05ETY12767;9F3FC9JLTJXX11742;BLANCO;2018;55;CERRADA;BUS;DIESEL;5123;N/A;N/A;HINO;447;admin;NULL;NULL;NULL
448;STC-395;J05ETY12757;9F3FC9JLTJXX11732;BLANCO;2019;55;CERRADA;BUS;DIESEL;5123;N/A;N/A;HINO;448;admin;NULL;NULL;NULL
449;STC-392;J05ETY12750;9F3FC9JLTJXX11725;BLANCO;2018;55;CERRADA;BUS;DIESEL;5123;N/A;N/A;HINO;449;admin;NULL;NULL;NULL
450;STC-403;J05ETY12742;9F3FC9JLTJXX11723;BLANCO;2018;55;CERRADA;BUS;DIESEL;5123;N/A;N/A;HINO;450;admin;NULL;NULL;NULL
451;STC-421;J05ETY12681;9F3FC9JLTJXX11674;BLANCO;2018;55;CERRADA;BUS;DIESEL;5123;N/A;N/A;HINO;451;admin;NULL;NULL;NULL
452;STC-398;J05ETY12759;9F3FC9JLTJXX11734;BLANCO;2018;55;CERRADA;BUS;DIESEL;5123;N/A;N/A;HINO;452;admin;NULL;NULL;NULL
453;STC-435;J05ETY11557;9F3FC9JLTGXX10887;BLANCO;2016;60;CERRADA;BUS;DIESEL;5123;N/A;N/A;HINO;453;admin;NULL;NULL;NULL
454;STC-404;J05ETY12743;9F3FC9JLTJXX11724;BLANCO;2018;55;CERRADA;BUS;DIESEL;5123;N/A;N/A;HINO;454;admin;NULL;NULL;NULL
455;STC-438;J05ETY12657;9F3FC9JLTJXX11656;BLANCO;2018;55;CERRADA;BUS;DIESEL;5123;N/A;N/A;HINO;455;admin;NULL;NULL;NULL
456;STC-051;J05EUA10476;9F3FC9JKTFXX10384;BLANCOY VERDE;2015;37;CERRADA;BUS;DIESEL;5123;10009109323;ITAGUI;HINO;456;admin;NULL;NULL;NULL
457;TTM-249;4HK1046545;9GCNPR75XEB004433;ROJO;2014;19;CERRADA;MICROBUS;DIESEL;5193;10014808914;MEDELLIN;CHEVROLET;457;admin;NULL;NULL;NULL
458;EQS-211;J05ETY12715;9F3FC9JLTJXX11702;BLANCO ROJO;2018;55;CERRADA;BUS;DIESEL;5123;10014476050;MEDELLIN;HINO;458;admin;NULL;NULL;NULL
459;EQS-364;J05ETY12655;9F3FC9JLTJXX11654;BLANCO VERDE;2018;50;CERRADA;BUS;DIESEL;5123;10014621833;MEDELLIN;HINO;459;admin;NULL;NULL;NULL
460;STB-767;4HK1085931;9GCNPR757EB009007;ROJO;2014;19;CERRADA;MICROBUS;DIESEL;5193;10014830950;ITAGUI;CHEVROLET;460;admin;NULL;NULL;NULL
461;TTM-100;4HK1016881;9GCNPR750EB000259;ROJO;2014;19;CERRADA;MICROBUS;DIESEL;5193;10014808885;MEDELLIN;CHEVROLET;461;admin;NULL;NULL;NULL
462;STB-843;4HK1120905;9GCNPR757EB018614;ROJO;2014;19;CERRADA;MICROBUS;DIESEL;5193;10014831160;ITAGUI;CHEVROLET;462;admin;NULL;NULL;NULL
463;STB-979;4HK1177732;9GCNPR757FB000177;ROJO;2015;19;CERRADA;MICROBUS;DIESEL;5193;10014827015;ITAGUI;CHEVROLET;463;admin;NULL;NULL;NULL
464;EQX-457;900911C1069378;WDB970013FL851083;ROJO;2015;40;CERRADA;MICROBUS;DIESEL;4249;10014885640;SABANETA;MERCEDES;464;admin;NULL;NULL;NULL
465;EQS-628;J05ETY12957;9F3FC9JLTJXX11842;BLANCO VERDE;2018;32;CERRADA;BUS;DIESEL;5123;10014994444;MEDELLIN;HINO;465;admin;NULL;NULL;NULL
466;SNK-531;ZD30020261;JN1HGG4E25Z0701377;BLANCO;2003;14;CERRADA;MICROBUS E;DIESEL;3000;10013770218;SABANETA;NISSAN;466;admin;NULL;NULL;NULL
467;SNP-611;J05CTF22403;JHDFC4JKUBXX12315;AZUL;2011;37;CERRADA;BUS;DIESEL;5307;10015335779;SABANETA;HINO;467;admin;NULL;NULL;NULL
468;STU-535;G4HGA860926;KNABJ513ABT132338;AMARILLO;2011;4;HATCH BACK;TAXI;GASO;1086;10014864930;MEDELLIN;KIA;468;admin;NULL;NULL;NULL
469;EQT-071;J05ETY12990;9F3FC9JLTJXX11869;ROJO AMARILLO;2018;55;CERRADA;BUS;DIESEL;5123;10015624590;MEDELLIN;HINO;469;admin;NULL;NULL;NULL
470;EQT-073;J05ETY12991;9F3FC9JLTJXX11870;ROJO AMARILLO;2018;55;CERRADA;BUS;DIESEL;5123;10015624557;MEDELLIN;HINO;470;admin;NULL;NULL;NULL
471;EQT-068;J05ETY12960;9F3FC9JLTJXX11845;ROJO AMARILLO;2018;55;CERRADA;BUS;DIESEL;5123;10015624578;MEDELLIN;HINO;471;admin;NULL;NULL;NULL
472;EQT-054;J05ETY13094;9F3FC9JLTJXX11961;BLANCO VERDE;2018;27;CERRADA;BUS;DIESEL;5123;10015622915;MEDELLIN;HINO;472;admin;NULL;NULL;NULL
473;EQT-072;J05ETY12935;9F3FC9JLTJXX11826;ROJO AMARILLO;2018;55;CERRADA;BUS;DIESEL;5123;10015624562;MEDELLIN;HINO;473;admin;NULL;NULL;NULL
474;WLY-950;J05EUS10129;9F3FC9JKUJXX10015;AZUL;2018;38;CERRADA;BUS;DIESEL;5123;10014222707;ENVIGADO;HINO;474;admin;NULL;NULL;NULL
475;EQT-416;G4LAHM579808;MALA741CAJM280888;AMARILLO;2018;5;SEDAN;TAXI;GAS;1248;10016031445;MEDELLIN;HYUNDAI;475;admin;NULL;NULL;NULL
476;EQT-406;G4LAHM547692;MALA751CAJM694666;AMARILLO;2018;5;HATCH BACK;TAXI;GASO;1248;10016056754;MEDELLIN;HYUNDAI;476;admin;NULL;NULL;NULL
477;STV-167;G4HCBM281031;MALB51GACM674569;AMARILLO;2012;4;HATCH BACK;TAXI;GASO;1000;10014376040;MEDELLIN;HYUNDAI;477;admin;NULL;NULL;NULL
478;EQT-362;J05ETY13028;9F3FC9JLTJXX11907;ROJO;2018;56;CERRADA;BUS;DIESEL;5123;10016138791;MEDELLIN;HINO;478;admin;NULL;NULL;NULL
479;WMP-662;J05ETY11596;9F3FC9JLTG10920;BLANCO;2016;60;CERRADA;BUS;DIESEL;5124;10011867480;MEDELLIN;HINO;479;admin;NULL;NULL;NULL
480;WMP-661;J05ETY11595;9F3FC9JLTGXX10919;BLANCO;2016;60;CERRADA;BUS;DIESEL;5124;10011879636;MEDELLIN;HINO;480;admin;NULL;NULL;NULL
481;WMP-663;J05ETY11594;9F3FC9JLTGXX10918;BLANCO;2016;60;CERRADA;BUS;DIESEL;5124;10011866214;MEDELLIN;HINO;481;admin;NULL;NULL;NULL
482;WMP-664;J05ETY11593;9F3FC9JLTGXX10917;BLANCO;2016;60;CERRADA;BUS;DIESEL;5124;1001186633;MEDELLIN;HINO;482;admin;NULL;NULL;NULL
483;WMP-683;J05ETY11592;9F3FC9JLTGXX10915;BLANCO;2016;60;CERRADA;BUS;DIESEL;5124;10011868567;MEDELLIN;HINO;483;admin;NULL;NULL;NULL
484;WMP-666;J05ETY11591;9F3FC9JLTGXX10915;BLANCO;2016;60;CERRADA;BUS;DIESEL;5124;10011886767;MEDELLIN;HINO;484;admin;NULL;NULL;NULL
485;WMP-667;J05ETY11590;9F3FC9JLTGXX10914;BLANCO;2016;55;CERRADA;BUS;DIESEL;5124;10011867613;MEDELLIN;HINO;485;admin;NULL;NULL;NULL
486;WMP-682;J05ETY11589;9F3FC9JLTGXX10913;BLANCO;2016;55;CERRADA;BUS;DIESEL;5124;10011858507;MEDELLIN;HINO;486;admin;NULL;NULL;NULL
487;WMP-668;J05ETY11588;9F3FC9JLTGXX10912;BLANCO;2016;55;CERRADA;BUS;DIESEL;5124;1001186753;MEDELLIN;HINO;487;admin;NULL;NULL;NULL
488;WMP-669;j05ety11587;9F3FC9JLTGXX10911;BLANCO;2016;55;CERRADA;BUS;DIESEL;5124;10011866602;MEDELLIN;HINO;488;admin;NULL;NULL;NULL
489;WMP-659;J05ETY11582;9F3FC9JLTGXX10910;BLANCO;2016;55;CERRADA;BUS;DIESEL;5124;10011867773;MEDELLIN;HINO;489;admin;NULL;NULL;NULL
490;WMP-660;J05ETY11581;9F3FC9JLTGXX10909;BLANCO;2016;55;CERRADA;BUS;DIESEL;5124;10011867845;MEDELLIN;HINO;490;admin;NULL;NULL;NULL
491;WMP-665;J05ETY11541;9F3FC9JTGXX10871;BLANCO;2016;55;CERRADA;BUS;DIESEL;5124;10011867733;MEDEILLIN;HINO;491;admin;NULL;NULL;NULL
492;EQT-681;J05ETY13319;9F3FC9JLTKXX12270;BLANCO;2019;31;CERRADA;BUS;ACPM;5123;10016441600;MEDELLIN;HINO;492;admin;NULL;NULL;NULL
493;WMQ-599;G4LAGP072454;KNABE512AHT347807;AMARILLO;2017;5;N/A;TAXI;GASO;1248;1001273867;MEDELLIN;KIA;493;admin;NULL;NULL;NULL
494;EQT-682;J05ETY13335;9F3FC9JLTKXX12292;ROJO;2019;34;CERRADA;BUS;DIESEL;5123;10016540264;MEDELLIN;HINO;494;admin;NULL;NULL;NULL
495;EQT-923;G4LAJP055086;KNAB2512AKT312005;AMARILLO;2019;5;HATCH BACK;TAXI;GASO;1248;10016772553;MEDELLIN;KIA;495;admin;NULL;NULL;NULL
496;EQT-920;G4LAJP055781;KNAB2512AKT315242;AMARILLO;2019;5;HATCH BACK;TAXI;GASO;1248;10016772474;MEDELLIN;KIA;496;admin;NULL;NULL;NULL
497;EQT-921;G4LAJP055128;KNAB2512AKT312024;AMARILLO;2019;5;HATCH BACK;TAXI;GASO;1248;10016772518;MEDELLIN;KIA;497;admin;NULL;NULL;NULL
498;EQT-922;G4LAJP054954;KNAB2512AKT311802;AMARILLO;2019;5;HATCH BACK;TAXI;GASO;1248;10016773901;MEDELLIN;KIA;498;admin;NULL;NULL;NULL
499;EQT-954;G4LAJP055093;KNAB2512AKT311792;AMARILLO;2019;5;HATCH BACK;TAXI;GASO;1248;10016796627;MEDELLIN;KIA;499;admin;NULL;NULL;NULL
500;STW-811;G4HGBM421338;MALAB51HACM737900;AMARILLO;2012;5;HATCH BACK;TAXI;GASO;1086;10016836574;MEDELLIN;HYUNDAI;500;admin;NULL;NULL;NULL
501;STV-580;6GHCBM343343;MALAB51GACM706768;AMARILLO;2012;5;HATCH BACK;TAXI;GASO;1000;10014760980;MEDELLIN;HYUNDAI;501;admin;NULL;NULL;NULL
502;SXT-709;906998U1033625;9BM368006DB886872;BLANCO VERDE;2013;45;CERRADA;BUSES ESPE;DIESEL;6374;10016848450;FLORIDABLANCA;MERCEDES;502;admin;NULL;NULL;NULL
503;SXT-707;906998U1033758;9BM368006DB886933;BLANCO VERDE;2013;45;CERRADA;BUSES ESPE;DIESEL;6374;10016472483;N/A;MERCEDES;503;admin;NULL;NULL;NULL
504;TRM-843;89647555;LJSKA3BG8FD858116;BLANCO;2015;19;CERRADA;MICROBUS E;DIESEL;2776;10015875474;BELLO;JOYLONG;504;admin;NULL;NULL;NULL
505;EQW-144;G4LAJP072463;KNAB2512AKT344775;AMARILLO;2019;5;HATCH BACK;TAXI;GASO;1248;10017016002;MEDELLIN;KIA;505;admin;NULL;NULL;NULL
506;EXU-901;G4LAJM869917;MALAB741CAKM317102;AMARILLO;2019;5;SEDAN;TAXI;GASO;1248;10016933992;SABANETA;HYUNDAI;506;admin;NULL;NULL;NULL
507;EXV-041;J05ETY13492;9F3FC9JLTKXX12412;BLANCO VERDE;2019;40;CERRADA;BUSES ESPE;DIESEL;5123;10017047626;SABANETA;HINO;507;admin;NULL;NULL;NULL
508;EXV-042;J05ETY13491;9F3FC9JLTKXX12411;BLANCO VERDE;2019;40;CERRADA;BUSES ESPE;DIESEL;5123;10017047762;SABANETA;HINO;508;admin;NULL;NULL;NULL
509;EQW-259;4hk1710611;9GCNPR75XKB007621;ROJO;2019;30;CERRADA;BUSETA;DIESEL;5193;10017225673;MEDELLIN;CHEVROLET;509;admin;NULL;NULL;NULL
510;EQW-470;4HK1718675;9GCNPR756KB008863;ROJO;2019;20;CERRADA;BUSETA;DIESEL;5193;10017501839;MEDELLIN;CHEVROLET;510;admin;NULL;NULL;NULL
511;EQW-420;4HK1710625;9GCNPR758KB007620;ROJO;2019;30;CERRADA;MICROBUS;DIESEL;5193;10017405716;MEDELLIN;CHEVROLET;511;admin;NULL;NULL;NULL
512;EQW-540;G4LAJP093067;KNAB2512AKT380495;AMARILLO;2019;5;HATCH BACK;TAXI;GASO;1248;10017617121;MEDELLIN;KIA;512;admin;NULL;NULL;NULL
513;EQW-469;4hk1710620;9GCNPR751KB007622;ROJO;2019;30;CERRADA;MICROBUS;DIESEL;5193;10017500828;MEDELLIN;HINO;513;admin;NULL;NULL;NULL
514;EXV-270;4HK1737345;9GCNPR757KB013361;AZUL;2019;23;CERRADA;BUS;DIESEL;5193;10017552203;SABANETA;CHEVROLET;514;admin;NULL;NULL;NULL
515;TEK-943;BJ493ZQ3C20048;LVCB1DDA1DB035218;BLANCO;2013;16;CERRADA;MICROBUS E;DIESEL;2771;10016856451;ENVIGADO;FOTON;515;admin;NULL;NULL;NULL
516;WCR-963;DK4B059935;LSYHKAAE3EK085845;BLANCO;2014;16;CERRADA;MICROBUS E;DIESEL;2498;10017249956;COTA CMARCA;JINBEI;516;admin;NULL;NULL;NULL
517;EQW-694;G4LAJP103631;KNAB2512AKT397810;AMARILLO;2019;5;HATCH BACK;TAXI;GASO;1248;10017799152;MEDELLIN;KIA;517;admin;NULL;NULL;NULL
518;SMT-785;G4HC9M932567;MALAB51GAAM498417;AMARILLO;2010;4;HATCH BACK;TAXI;GASO;1000;10017399875;MEDELLIN;HYUNDAI;518;admin;NULL;NULL;NULL
519;STC-566;J05ETY13333;9F3FC9JLTKXX11290;AZUL;2019;52;N/A;N/A;N/A;N/A;N/A;N/A;HINO;519;admin;NULL;NULL;NULL
520;STC-552;J05ETY13330;9F3FC9JLTKXX11287;AZUL;2019;51;N/A;N/A;N/A;N/A;N/A;N/A;HINO;520;admin;NULL;NULL;NULL
521;STC-558;J05ETY13336;9F3FC9JLTKXX12293;AZUL;2019;51;N/A;N/A;N/A;N/A;N/A;N/A;HINO;521;admin;NULL;NULL;NULL
522;STC-553;J05ETY13331;9F3FC9JLTKXX12288;AZUL;2019;51;CERRADA;N/A;N/A;N/A;N/A;N/A;HINO;522;admin;NULL;NULL;NULL
523;STC-554;J05ETY13316;9F3FC9JLTKXX12267;AZUL;2019;51;CERRADA;N/A;N/A;N/A;N/A;N/A;HINO;523;admin;NULL;NULL;NULL
524;STC-542;J05ETY13318;9F3FC9JLTKXX12269;AZUL;2019;51;N/A;N/A;N/A;N/A;N/A;N/A;HINO;524;admin;NULL;NULL;NULL
525;WDX-618;N04CUV16388;9F3UCP0H2E3100970;AZUL;2014;25;CERRADA;BUSETA;ACPM;4009;10009444607;MEDELLIN;HINO;525;admin;NULL;NULL;NULL
526;WCQ-166;ISF28S4129P8963;LVCB2NBAXFS230064;BLANCO;2015;16;CERRADA;MICROBUS E;DIESEL;2780;10017081953;ENVIGADO;FOTON;526;admin;NULL;NULL;NULL
527;FVY-484;J05ETY14064;9F3FC9JLTLXX12880;ROJO;2020;34;CERRADA;BUS;DIESEL;5123;10018168521;MEDELLIN;HINO;527;admin;NULL;NULL;NULL
528;TZW-733;89612630;LJSKA3BG2FD858032;BLANCO;2015;20;CERRADA;MICROBUS E;DIESEL;2776;10017978284;EL ROSAL CMCA;JOYLONG;528;admin;NULL;NULL;NULL
529;SIT-697;ZD30-017389W;CKDALFTK0CD103266;BLANCO VERDE;2012;23;CERRADA;BUSETAS ES;DIESEL;2953;1001829479;CIENAGA;NISSAN;529;admin;NULL;NULL;NULL
530;FVY-671;J05ETY14001;9F3FC9JLTLXX12845;BLANCO VERDE;2020;36;CERRADA;BUS;DIESEL;5123;10018442444;MEDELLIN;HINO;530;admin;NULL;NULL;NULL
531;FVY-743;J05ETY14124;9F3FC9JLTLXX12908;BLANCO VERDE;2020;56;CERRADA;BUS;DIESEL;5123;10018505607;MEDELLIN;HINO;531;admin;NULL;NULL;NULL
532;FVY-672;J05ETY14123;9F3FC9JLTLXX12907;BLANCO VERDE;2020;36;CERRADA;BUS;ACPM;5123;10018447409;MEDELLIN;HINO;532;admin;NULL;NULL;NULL
533;FVY-780;J05ETY14168;9F3FC9JLTLXX12955;BLANCO VERDE;2020;56;CERRADA;BUS;DIESEL;5123;10018585370;MEDELLIN;HINO;533;admin;NULL;NULL;NULL
534;GDW-587;J05EUA12521;9F3FC9JGTLXX10202;BLANCO VERDE;2020;30;CERRADA;BUSETAS ES;DIESEL;5123;10018592985;SABANETA;HINO;534;admin;NULL;NULL;NULL
535;FVY-726;J05EUA12516;9F3FC9JGTLXX10197;ROJO;2020;42;CERRADA;MICROBUS;DIESEL;5123;10018638051;MEDELLIN;HINO;535;admin;NULL;NULL;NULL
536;FVY-727;J05EUA12517;9F3FC9JGTLXX10198;ROJO;2020;42;CERRADA;MICROBUS;DIESEL;5123;10018638071;MEDELLIN;HINO;536;admin;NULL;NULL;NULL
537;FVY-729;J05EUA12519;9F3FC9JGTLXX10200;ROJO;2020;42;CERRADA;MICROBUS;DIESEL;5123;10018639647;MEDELLIN;HINO;537;admin;NULL;NULL;NULL
538;FVY-728;J05EUA12518;9F3FC9JGTLXX10199;ROJO;2020;42;CERRADA;MICROBUS;DIESEL;5123;10018639589;MEDELLIN;HINO;538;admin;NULL;NULL;NULL
539;GDW-551;J05ETY14063;9FFC9JLTLXX12879;BLANCO VERDE;2020;40;CERRADA;BUSES ESPE;DIESEL;5123;10018524995;SABANETA;HINO;539;admin;NULL;NULL;NULL
540;FVY-829;J05ETY14193;9F3FC9JLTLXX12980;ROJO;2020;56;CERRADA;BUS;DIESEL;5123;10018740066;MEDELLIN;HINO;540;admin;NULL;NULL;NULL
541;FVY-970;J05ETY13997;9F3FC9JLTLXX12841;BLANCO VERDE;2020;56;CERRADA;BUS;DIESEL;5123;10018790372;MEDELLIN;HINO;541;admin;NULL;NULL;NULL
542;STW-653;64HGBM407376;MALAB51HACM732175;AMARILLO;2012;5;HATCH BACK;TAXI;GASO;1086;10016269015;MEDELLIN;HYUNDAI;542;admin;NULL;NULL;NULL
543;TPZ-287;G4HC7M062132;MALAB51GP8M051805;AMARILLO;2008;4;SEDAN;TAXI;GASO;1000;10018988247;MEDELLIN;HYUNDAI;543;admin;NULL;NULL;NULL
544;TSS-319;M9TC678C029220;93YMAF4CEJJ896457;BLANCO;2018;19;CERRADO;MICROBUS E;DIESEL;2299;10018757165;META;RENAULT;544;admin;NULL;NULL;NULL
545;STV-859;G4HGBM359930;MALAB51HACM715260;AMARILLO;2012;5;HATCH BACK;TAXI;GASO;1086;10019155360;MEDELLIN;HYUNDAI;545;admin;NULL;NULL;NULL
546;STC-633;4HK1748833;9GCNPR752KB046817;BLANCO VERDE;2019;29;CERRADA;BUSETA;DIESEL;5193;10018209993;ITAGUI;CHEVROLET;546;admin;NULL;NULL;NULL
547;STC-635;4HK1751829;9GCNPR751LB000008;BLANCO VERDE;2020;29;CERRADA;BUSETA;DIESEL;5193;10018210015;ITAGUI;CHEVROLET;547;admin;NULL;NULL;NULL
548;FWK-008;A812UF09340;9FB4SREB4KM772812;BLANCO;2019;5;SEDAN;AUTOMOVIL;GASO;1598;10019011204;MEDELLIN;RENAULT;548;admin;NULL;NULL;NULL
549;FWK-006;A812UF18041;9FB4SREB4KM812713;BLANCO;2019;5;SEDAN;AUTOMOVIL;GASO;1598;10019011170;MEDELLIN;RENAULT;549;admin;NULL;NULL;NULL
550;FWK-007;A812UF09354;9FB4SREB4KM772933;BLANCO;2019;5;SEDAN;AUTOMOVIL;GASO;1598;10019011181;MEDELLIN;RENAULT;550;admin;NULL;NULL;NULL
551;FWK-009;A812UF08910;9FB4SREB4KM772951;BLANCO;2019;5;SEDAN;AUTOMOVIL;GASO;1598;10019011452;MEDELLIN;RENAULT;551;admin;NULL;NULL;NULL
552;STC-549;J05ETY13317;9F3FC9JLTKXX1268;AZUL;2019;51;CERRADA;BUS;DIESEL;5123;10018905370;ITAGUI;HINO;552;admin;NULL;NULL;NULL
553;STY-750;ZD30246887K;JN1MG4E25Z0793474;BLANCO;2011;14;CERRADA;MICROBUS E;DIESEL;2953;10013189207;ENVIGADO;NISSAN;553;admin;NULL;NULL;NULL
554;TMV-920;ZD30085968K;JN1MG4E25Z0726358;BLANCO;2007;14;CERRADA;MICROBUS E;DIESEL;2953;10014787129;ENVIGADO;NISSAN;554;admin;NULL;NULL;NULL
555;GDW-940;J05ETY14127;9F3FC9JLTLXX12911;AZUL;2020;39;CERRADA;BUS;DIESEL;5123;10019028015;SABANETA;HINO;555;admin;NULL;NULL;NULL
556;FWK-367;A812UF56296;9FB4SREB4LM102649;BLANCO;2020;5;SEDAN;AUTOMOVIL;GASO;1598;10019331202;MEDELLIN;RENAULT;556;admin;NULL;NULL;NULL
557;FWK-368;A812UF44861;9FB4SREBALM001789;BLANCO;2020;5;SEDAN;AUTOMOVIL;GASO;1598;1,00E+11;MEDELLIN;RENAULT;557;admin;NULL;NULL;NULL
558;FWK-450;4HK1774389;9GCNPR754LB001668;ROJO;2020;30;CERRADA;BUSETA;DIESEL;5193;10019448075;MEDELLIN;CHEVROLET;558;admin;NULL;NULL;NULL
559;FWK-287;J05ETY20042;9F3FC9JLTLXX13111;BLANCO VERDE;2020;56;CERRADA;BUS;DIESEL;5123;10019243308;MEDELLIN;HINO;559;admin;NULL;NULL;NULL
560;FWK-286;J05ETY20139;9F3FC9JLTLXX13182;BLANCO VERDE;2020;56;CERRADA;BUS;DIESEL;5123;10019243268;MEDELLIN;HINO;560;admin;NULL;NULL;NULL
561;STD-823;837224;9GCNPR714BB048811;AZUL;2011;19;CERRADA;MICROBUS;DIESEL;4570;10019142812;GIRARDOTA;CHEVROLET;561;admin;NULL;NULL;NULL
562;FWK-538;4HK1781893;9GCNPR75XLB003411;ROJO;2020;30;CERRADA;MICROBUS;DIESEL;5193;10019565750;MEDELLIN;CHEVROLET;562;admin;NULL;NULL;NULL
563;FWK-527;4HK1782017;9GCNPR753LB003413;ROJO;2020;30;CERRADA;BUSETA;DIESEL;5193;10019550181;MEDELLIN;CHEVROLET;563;admin;NULL;NULL;NULL
564;WCP-663;YD25353981A;JN1MC2E26Z0002878;BLANCO;2015;16;CERRADA;MICROBUS E;DIESEL;2488;10019460842;ENVIGADO;NISSAN;564;admin;NULL;NULL;NULL
565;TPY-193;E1T137537;9CNC03CP57B002894;AMARILLO ROJO;2007;32;CERRADA;BUS;DIESEL;4300;10019652784;MEDELLIN;AGRADE;565;admin;NULL;NULL;NULL
566;SNO-978;J05CTF18077;JHDFC4JKU8XX10399;AZUL;2008;36;CERRADA;BUS;DIESEL;5307;10015377704;SABANETA;HINO;566;admin;NULL;NULL;NULL
567;WDY-141;J05EUA10228;9F3FC9KTEXX10136;AZUL;2014;37;CERRADA;BUS;DIESEL;5123;10019521589;MEDELLIN;HINO;567;admin;NULL;NULL;NULL
568;FWK-358;A812UF43164;9FB4SREB4LM001652;BLANCO;2020;5;SEDAN;AUTOMOVIL;GASO;1598;10020198810;MEDELLIN;RENAULT;568;admin;NULL;NULL;NULL
569;FWK-359;A812UF55177;9FB4SREB4LM102319;BLANCO;2020;5;SEDAN;AUTOMOVIL;GASO;1598;10020199287;MEDELLIN;RENAULT;569;admin;NULL;NULL;NULL
570;FWK-360;A812UF48525;9FB4SREB4LM999568;BLANCO;2020;5;SEDAN;AUTOMOVIL;GASO;1598;10020199164;MEDELLIN;RENAULT;570;admin;NULL;NULL;NULL
571;FWK-361;A812UF48526;9FB4SREB4LM999515;BLANCO;2020;5;SEDAN;AUTOMOVIL;GASO;1598;10020199724;MEDELLIN;RENAULT;571;admin;NULL;NULL;NULL
572;FWK-363;A812UF56360;9FB4SREB4LM102095;BLANCO;2020;5;SEDAN;AUTOMOVIL;GASO;1598;10020200128;MEDELLIN;RENAULT;572;admin;NULL;NULL;NULL
573;FWK-364;A812UF50984;9FB4SREB4LM053786;BLANCO;2020;5;SEDAN;AUTOMOVIL;GASO;1598;10023879814;MEDELLIN;RENAULT;573;admin;NULL;NULL;NULL
574;FWK-365;A812UF56298;9FB4SREB4LM102646;BLANCO;2020;5;SEDAN;AUTOMOVIL;GASO;1598;10020201405;MEDELLIN;RENAULT;574;admin;NULL;NULL;NULL
575;FWK-369;A812UF44593;9FB4SREB4LM001733;BLANCO;2020;5;SEDAN;AUTOMOVIL;GASO;1598;10020201945;MEDELLIN;RENAULT;575;admin;NULL;NULL;NULL
576;FWK-366;A812UF55288;9FB4SREB4LM102077;BLANCO;2020;5;SEDAN;AUTOMOVIL;GASO;1598;10020201422;MEDELLIN;RENAULT;576;admin;NULL;NULL;NULL
577;FWK-372;A812UF55418;9FB4SREB4LM102238;BLANCO;2020;5;SEDAN;AUTOMOVIL;GASO;1598;10020202382;MEDELLIN;RENAULT;577;admin;NULL;NULL;NULL
578;FWK-371;A812UF55268;9FB4SREB4LM101464;BLANCO;2020;5;SEDAN;AUTOMOVIL;GASO;1598;10020202357;MEDELLIN;RENAULT;578;admin;NULL;NULL;NULL
579;FWK-370;A812UF44855;9FB4SREB4LM001795;BLANCO;2020;5;SEDAN;AUTOMOVIL;GASO;1598;10020202029;MEDELLIN;RENAULT;579;admin;NULL;NULL;NULL
580;EQS-149;J05ETY12675;9F3FC9JLTJXX11668;VERDE Y BLANCO;2018;54;CERRADA;BUS;DIESEL;5123;10014405670;MEDELLIN;HINO;580;admin;NULL;NULL;NULL
581;TSF-420;ZD30126959K;JN1MG4E25Z0727539;BLANCO;2008;14;CERRADA;MICROBUS E;DIESEL;2953;10006699309;MEDELLIN;NISSAN;581;admin;NULL;NULL;NULL
582;TPV-835;G4HC6M829505;MALAB51GP7M862145;AMARILLO;2007;4;SEDAN;TAXI;GASO;999;10010847567;MEDELLIN;HYUNDAI;582;admin;NULL;NULL;NULL
583;TNE-656;J05EUA20229;9F3FC9JGTLXX10285;ROJO;2020;42;CERRADA;MICROBUS;DIESEL;5123;10020165381;C. BOLIVAR;HINO;583;admin;NULL;NULL;NULL
584;FWL-066;A812UG05736;9FBA4SREB4LM367138;BLANCO;2020;5;SEDAN;AUTOMOVIL;GASO;1598;10020540424;MEDELLIN;RENAULT;584;admin;NULL;NULL;NULL
585;FWL-067;AB12UG09214;9FB4SREB4LM403310;BLANCO;2020;5;SEDAN;AUTOMOVIL;GASO;1598;1,00E+11;MEDELLIN;RENAULT;585;admin;NULL;NULL;NULL
586;FWL-068;A812U05774;9FB4SREB4M367078;BLANCO;2020;5;SEDAN;AUTOMOVIL;GASO;1598;10023742150;MEDELLIN;RENAULT;586;admin;NULL;NULL;NULL
587;SMH-185;B4047886;LJ16A3C6C7091978;BLANCO;2012;12;CERRADA;MICROBUS E;DIESEL;2771;10015600615;COPACABANA;AGRADE;587;admin;NULL;NULL;NULL
588;FWK-962;J05EUA20286;9F3FC9JGTLXX10300;ROJO;2020;42;CERRADA;MICROBUS;DIESEL;5123;10020481999;MEDELLIN;HINO;588;admin;NULL;NULL;NULL
589;FWK-912;JO5ETY20461;9F3FC9JLTLXX13516;BLANCO VERDE;2020;56;CERRADA;BUS;DIESEL;5123;10020482728;MEDELLIN;HINO;589;admin;NULL;NULL;NULL
590;FWK-911;J05EUA20287;9F3FC9JGTLXX10301;ROJO;2020;42;CERRADA;MICROBUS;DIESEL;5123;10020481971;MEDELLIN;HINO;590;admin;NULL;NULL;NULL
591;FWL-065;A812UG05818;9FB4SREB4LM367188;BLANCO;2020;5;SEDAN;AUTOMOVIL;GASO;198;10020581282;MEDELLIN;RENAULT;591;admin;NULL;NULL;NULL
592;STW-547;G4HGBM407249;MALAB51HACM732109;AMARILLO;2012;5;HATCH BACK;TAXI;GASO;1086;10012402750;MEDELLIN;HYUNDAI;592;admin;NULL;NULL;NULL
593;FWL-069;A812UF99321;9FB4SREB4LM328039;BLANCO;2020;5;SEDAN;AUTOMOVIL;GASO;1598;10023770099;MEDELLIN;RENAULT;593;admin;NULL;NULL;NULL
594;FWK-162;G4LAKM256430;MALA751CALM013482;AMARILLO;2020;5;HATCH BACK;TAXI;GASO;1248;10019125977;MEDELLIN;HYUNDAI;594;admin;NULL;NULL;NULL
595;TSH-690;G4HC8M474089;MALB51GP9M305076;AMARILLO;2009;4;SEDAN;TAXI;GASO;1000;10014346655;MEDELLIN;HYUNDAI;595;admin;NULL;NULL;NULL
596;EQS-664;G4LAGP139771;KNABE512AHT445333;AMARILLO;2017;5;HATCH BACK;TAXI;GASO;1248;10020581054;MEDELLIN;KIA;596;admin;NULL;NULL;NULL
597;EQT-599;G4LAJP015483;KNAB2512AKT242436;AMARILLO;2019;5;HATCH BACK;TAXI;GASO;1248;10020554665;MEDELLIN;KIA;597;admin;NULL;NULL;NULL
598;EQT-879;G4LAJP053067;KNAB2512AKT309369;AMARILLO;2019;5;HATCH BACK;TAXI;GASO;1248;10020054882;MEDELLIN;KIA;598;admin;NULL;NULL;NULL
599;WMQ-913;SQRE4G16AFGH601;LVVDB11B3HD012610;AMARILLO;2017;5;HATCH BACK;TAXI;GASO;1598;MEDELLIN;10017859725;CHERY;599;admin;NULL;NULL;NULL
600;TSZ-123;G3LACP115370;KNABE511ADT367655;AMARILLO;2013;5;HATCH BACK;TAXI;GASO;998;10019041968;MEDELLIN;KIA;600;admin;NULL;NULL;NULL
601;SMU-206;G4HCAM975976;MALAB51GABM519013;AMARILLO;2011;4;HATCH BACK;TAXI;GASO;1000;10013532816;MEDELLIN;HYUNDAI;601;admin;NULL;NULL;NULL
602;SNU-452;JT633649;8LOTS732XDE012042;BLANCO;2013;19;CERRADA;MICROBUS E;DIESEL;2957;10018560484;SABANETA;KIA;602;admin;NULL;NULL;NULL
603;TSJ-095;G4HC8M678433;MALAB51GP9M386895;AMARILLO;2009;4;SEDAN;TAXI;ACPM;1000;3896568;MEDELLIN;HYUNDAI;603;admin;NULL;NULL;NULL
604;TSK-464;G4HC9M839968;MALAB51GAAM451852;AMARILLO;2010;4;SEDAN;TAXI;GASO;1000;5044668;MEDELLIN;HYUNDAI;604;admin;NULL;NULL;NULL
605;TSI-684;G4H8M576821;MALAB51GP9M358705;AMARILLO;2009;4;SEDAN;TAXI;GASO;1000;10011727907;MEDELLIN;HYUNDAI;605;admin;NULL;NULL;NULL
606;FWL-182;J05ETY14171;9F3FC9JLTLXX12957;BLANCO;2020;36;CERRADA;BUS;ACPM;5123;10020831263;MEDELLIN;HINO;606;admin;NULL;NULL;NULL
607;STC-700;J05ETY20460;9F3FC9JLTLXX13515;VERDE;2020;56;CERRADA;BUS;DIESEL;5123;10020314353;ITAGUI;HINO;607;admin;NULL;NULL;NULL
608;TSY-784;G3LACP090954;KNABE511ADT341758;AMARILLO;2013;5;HATCH BACK;TAXI;GASO;998;10007763062;MEDELLIN;KIA;608;admin;NULL;NULL;NULL
609;FWL-278;J05EVE10410;9F3FC9JL7MXX10268;BLANCO VERDE;2021;54;CERRADA;BUS;DIESEL;5123;10021132286;MEDELLIN;HINO;609;admin;NULL;NULL;NULL
610;FWL-279;J05EVE10354;9F3FC9JL7MXX10212;ROJO;2021;51;CERRADA;BUS;DIESEL;5123;10021280251;MEDELLIN;HINO;610;admin;NULL;NULL;NULL
611;FWL-362;J05EVE10388;9F3FC9JL7MXX10241;BLANCO VERDE;2021;52;CERRADA;BUS;DIESEL;5123;10021456393;MEDELLIN;HINO;611;admin;NULL;NULL;NULL
612;FWL-370;J05EVE10374;9F3FC9JL7MXX10223;BLANCO VERDE;2021;52;CERRADA;BUS;DIESEL;5123;10021508636;MEDELLIN;HINO;612;admin;NULL;NULL;NULL
613;WMP-056;J05ETY10921;9F3FC9JLTGXX10465;BLANCO;2016;60;CERRADA;BUS;DIESEL;5123;10010765195;MEDELLIN;HINO;613;admin;NULL;NULL;NULL
614;STC-699;J05EUA20285;9F3FC9JGTLXX10299;ROJO;2020;42;CERRADA;BUS;DIESEL;5123;10020579803;MEDELLIN;HINO;614;admin;NULL;NULL;NULL
615;STC-698;J05EUA20260;9F3FC9JGTLXX10292;ROJO;2020;42;CERRADA;BUS;DIESEL;5123;10020579556;MEDELLIN;HINO;615;admin;NULL;NULL;NULL
616;STC-546;J05ETY13332;9F3FC9JLTKXX12289;AZUL;2019;51;CERRADA;BUS;DIESEL;5123;10016531688;N/A;HINO;616;admin;NULL;NULL;NULL
617;FWL-518;J05EVE10389;9F3FC9JL7MXX10242;BLANCO VERDE;2021;52;CERRADA;BUS;DIESEL;5123;10022215141;MEDELLIN;HINO;617;admin;NULL;NULL;NULL
618;SXT-697;906998U1033583;9BM368006DB886607;VERDE;2013;45;CERRADA;BUSES ESPE;DIESEL;6374;10016848721;FLORIDABLANCA;MERCEDES;618;admin;NULL;NULL;NULL
619;STC-723;J05EVE10379;9F3FC9JL7MXX10231;BLANCO VERDE;2021;52;CERRADA;BUS;DIESEL;5123;1002156586;ITAGUI;HINO;619;admin;NULL;NULL;NULL
620;STU-574;G4HCBM190351;MALAB51GACM629742;AMARILLO;2012;4;HATCH BACK;TAXI;GASO;1000;10002072505;MEDELLIN;HYUNDAI;620;admin;NULL;NULL;NULL
621;WDZ-666;J05ETY11433;9F3FC9JLTGXX10770;VERDE;2016;60;CERRADA;BUS;DIESEL;5123;10011747564;MEDELLIN;HINO;621;admin;NULL;NULL;NULL
